0615,0615_572,0615_1860,0615_1037
0316,0316_790
0007,0007_251
0706,0706_1888,0706_2405,0706_2342,0706_949
0491,0491_3006,0491_1491,0491_1493,0491_1517
0191,0191_154,0191_106
0846,0846_535
0576,0576_2195,0576_581,0576_300,0576_629,0576_2128,0576_2493,0576_2600,0576_776,0576_1245,0576_394,0576_644,0576_280
0259,0259_237,0259_63,0259_885,0259_764,0259_757,0259_689,0259_176,0259_1017
0314,0314_216
0021,0021_284,0021_415
0637,0637_1999,0637_2176,0637_2437,0637_265,0637_604
0762,0762_423,0762_1302,0762_1330
0285,0285_699,0285_428,0285_303,0285_183,0285_470
0273,0273_1215,0273_31
0749,0749_247,0749_1501
0707,0707_750,0707_2164
0181,0181_706
0370,0370_1315,0370_1495,0370_748,0370_786
0574,0574_2914,0574_33,0574_826,0574_2102
0660,0660_354,0660_387,0660_79,0660_869
0908,0908_329,0908_377
0274,0274_50,0274_1070
0765,0765_172,0765_203
0947,0947_1068
0057,0057_484
1066,1066_255,1066_732
0758,0758_589
0603,0603_196,0603_2307,0603_1655
0174,0174_778,0174_337,0174_100
0503,0503_248,0503_1238
0950,0950_852
0307,0307_266,0307_90,0307_494,0307_338,0307_871,0307_374
0790,0790_22,0790_1187
0671,0671_1065,0671_1335
0664,0664_170,0664_1590
0139,0139_484,0139_121
0463,0463_7,0463_1318,0463_575
0461,0461_1220,0461_893
0847,0847_1628
0301,0301_856,0301_498
0030,0030_57
0708,0708_147,0708_1091,0708_1724,0708_1708,0708_1924
0022,0022_718
0853,0853_1503,0853_1506
0567,0567_3033,0567_1466,0567_1278
0827,0827_1870
0685,0685_407,0685_3005
0666,0666_1950,0666_3189
1027,1027_442,1027_1944
0092,0092_365
0271,0271_234
0153,0153_424,0153_664,0153_418,0153_431
0161,0161_350
1030,1030_4131,1030_2725
0451,0451_184,0451_176
0392,0392_415,0392_1279,0392_2610
0622,0622_461,0622_1626,0622_2132,0622_1907
0763,0763_848
0293,0293_248
0679,0679_294
0104,0104_21,0104_376,0104_1058
0629,0629_294,0629_2005
0824,0824_2426,0824_319
0573,0573_1156,0573_4032,0573_3487,0573_3705,0573_3270,0573_1083,0573_3284,0573_3450
0951,0951_763
1094,1094_670,1094_483,1094_497,1094_907,1094_1158,1094_241
0449,0449_687,0449_251
0568,0568_3773,0568_1420,0568_2043,0568_534,0568_2430,0568_1893,0568_2457,0568_927,0568_1116
0142,0142_863
0159,0159_499
0447,0447_2024,0447_1694
0663,0663_718,0663_976
0616,0616_3139,0616_3025,0616_2741,0616_2963,0616_1523
0748,0748_742,0748_326
0286,0286_463,0286_466,0286_238,0286_514
0261,0261_817,0261_121,0261_140
0541,0541_1643,0541_64,0541_1951,0541_700,0541_1963,0541_529
0821,0821_2498,0821_2006,0821_1780,0821_1059,0821_944,0821_2603,0821_2448,0821_464
0569,0569_983
1084,1084_1110,1084_967,1084_2257,1084_2736,1084_434,1084_1973,1084_2629,1084_2769,1084_2239,1084_600
0146,0146_698,0146_448
0943,0943_1483,0943_818,0943_1014
0952,0952_1175,0952_390
0957,0957_1607
0028,0028_464,0028_610
0965,0965_141,0965_1038
0141,0141_524,0141_499
1056,1056_24
0308,0308_449,0308_1283,0308_1255,0308_137,0308_1230
1037,1037_3942,1037_3602
0601,0601_1188,0601_1027,0601_329,0601_1393,0601_2249,0601_105
0586,0586_2447,0586_2488
0595,0595_548,0595_1698,0595_21,0595_19,0595_1145,0595_932
1034,1034_1836,1034_3255
0954,0954_1043
0925,0925_1506,0925_564,0925_2273,0925_1056
0478,0478_533
0967,0967_1401,0967_307,0967_366,0967_1278
0282,0282_372
0670,0670_2408,0670_311
0684,0684_1059,0684_829
0700,0700_3052,0700_3749
0106,0106_870,0106_1044
0082,0082_474,0082_413
1052,1052_650,1052_2198,1052_1353,1052_2085
0029,0029_1255,0029_196,0029_1011
1085,1085_925
0510,0510_872,0510_1336
0849,0849_1238
0565,0565_2764,0565_1777,0565_2156
0650,0650_3470,0650_2738,0650_3020,0650_3474,0650_2779,0650_1084
0315,0315_538,0315_823,0315_407
0579,0579_1133,0579_309
0784,0784_1530
0625,0625_133,0625_1141,0625_1448,0625_1570
0933,0933_1051
0317,0317_132
0719,0719_679,0719_502
0098,0098_977
0056,0056_935,0056_929,0056_672,0056_426,0056_579
0771,0771_1655
0260,0260_942,0260_1040,0260_813
0230,0230_715
0197,0197_675
0280,0280_333,0280_317,0280_656,0280_106,0280_657,0280_824
0281,0281_4,0281_571
0502,0502_1257,0502_618,0502_1892,0502_1116
0876,0876_979
0434,0434_744,0434_1719
