0615,0615_1727,0615_2312,0615_2366,0615_3095,0615_2057,0615_658,0615_776,0615_529
0484,0484_626,0484_201
0492,0492_1167,0492_641
0120,0120_1327,0120_573
0678,0678_1770,0678_954
0702,0702_1719
1077,1077_1169,1077_770
1001,1001_569,1001_522
1017,1017_1655,1017_595
0791,0791_2272,0791_1453
0105,0105_398
0706,0706_328
0992,0992_1084,0992_135
0889,0889_827
0148,0148_498
0651,0651_909,0651_1718,0651_2253,0651_412,0651_1013,0651_1359,0651_2887,0651_1992,0651_2619
0636,0636_1244,0636_2075
0100,0100_115,0100_893
0258,0258_381,0258_287,0258_917,0258_575
0394,0394_706,0394_257,0394_2468,0394_235
0176,0176_879,0176_865
0803,0803_1829,0803_1407,0803_2564,0803_1445
0491,0491_10,0491_2089
0643,0643_1740,0643_1257
0378,0378_3,0378_1739
0390,0390_491,0390_2274,0390_1806
0485,0485_1036,0485_384
0334,0334_452,0334_852,0334_517,0334_756,0334_859
0191,0191_929
0324,0324_559,0324_811,0324_293,0324_261,0324_553
0404,0404_1675,0404_745,0404_1542,0404_1634,0404_438,0404_8
0985,0985_862
0798,0798_315
0143,0143_53,0143_110
0021,0021_31,0021_764,0021_11
0932,0932_1065,0932_1176
0572,0572_804,0572_759,0572_3277,0572_666,0572_0,0572_2104
0687,0687_1546,0687_185,0687_3262
0166,0166_745,0166_1030
0495,0495_2501,0495_230
0637,0637_1131,0637_583,0637_1597
0589,0589_745
0357,0357_508,0357_441
0131,0131_23
0182,0182_993
0867,0867_1610,0867_432
0762,0762_371,0762_485,0762_725,0762_1073
0124,0124_199
0084,0084_1015
0448,0448_122,0448_1840,0448_1724,0448_795,0448_1729,0448_40,0448_711,0448_330,0448_455,0448_979
0590,0590_1607
0854,0854_2251,0854_2005,0854_984,0854_1509
0306,0306_714
0749,0749_787,0749_907
0926,0926_1039,0926_557,0926_644
0195,0195_2,0195_215,0195_380
0181,0181_661,0181_1078
0497,0497_1765,0497_2321
0413,0413_1599,0413_2626,0413_2120,0413_875,0413_1406,0413_860
0890,0890_93,0890_2200
0224,0224_295
0574,0574_2465,0574_2437
1002,1002_2588,1002_754,1002_2139,1002_2723,1002_1836,1002_1645
0055,0055_500
0908,0908_253
0246,0246_410,0246_395
0274,0274_677
0765,0765_132
0947,0947_747
0117,0117_783,0117_47,0117_972
0638,0638_1972,0638_2004,0638_480,0638_1912
0090,0090_992,0090_825
0057,0057_1111,0057_491
0222,0222_153
1066,1066_827
0457,0457_1238,0457_74
0610,0610_578
0596,0596_55,0596_1887
0548,0548_1047,0548_2723,0548_1275,0548_1567,0548_1689,0548_1873
0126,0126_892,0126_252
0980,0980_5,0980_1559
0632,0632_400,0632_293,0632_1587,0632_42
1009,1009_1086
0742,0742_429,0742_488,0742_985
0603,0603_3237,0603_2100
0953,0953_167,0953_0
0966,0966_8,0966_1657,0966_1159,0966_2433
0238,0238_279
0167,0167_925
0910,0910_858,0910_1309,0910_863,0910_2798
0069,0069_731
1048,1048_1169,1048_724,1048_598
0201,0201_827
0302,0302_285,0302_1174,0302_1182,0302_1193
0604,0604_614,0604_1554
0174,0174_612
0503,0503_497,0503_1964
0307,0307_266,0307_81,0307_494,0307_700,0307_338,0307_1108,0307_871,0307_1051,0307_963,0307_374,0307_245
0790,0790_558,0790_1678,0790_6
0665,0665_1581,0665_1219
0814,0814_1230,0814_856,0814_1208
0063,0063_998
0140,0140_751
0322,0322_507
0593,0593_488
0671,0671_629,0671_2164,0671_1359,0671_501,0671_1507,0671_314,0671_2798,0671_1820,0671_1344
0036,0036_339
0446,0446_1256,0446_1176
0169,0169_558,0169_298,0169_744,0169_1129
0545,0545_1271,0545_593
0580,0580_216,0580_294,0580_1677,0580_1593,0580_361
0862,0862_1992,0862_100
0253,0253_541
0414,0414_2285,0414_2218,0414_2036
0139,0139_215
0855,0855_299,0855_1219,0855_426,0855_1660,0855_645
0463,0463_1265,0463_980
0734,0734_78,0734_1003
0133,0133_643
0461,0461_356,0461_38,0461_3150
0847,0847_185
0617,0617_537,0617_3108
0352,0352_568,0352_374,0352_369
0264,0264_387
0611,0611_649
0393,0393_697,0393_1291,0393_2556
0190,0190_506
0128,0128_247
0936,0936_1362,0936_327
0233,0233_158,0233_402
0532,0532_485,0532_929
0581,0581_564,0581_2667
0793,0793_174,0793_1038
1092,1092_692,1092_160
0022,0022_516
0187,0187_797
0853,0853_2012,0853_1214,0853_2004,0853_595,0853_1993,0853_1889,0853_2779,0853_870,0853_2508,0853_616,0853_1433,0853_0,0853_799,0853_2645,0853_1646,0853_2027,0853_662
1006,1006_683,1006_742
0567,0567_1190,0567_3518,0567_1011
0827,0827_1612
0911,0911_1476
0076,0076_892
0400,0400_1118,0400_256
0614,0614_1485,0614_41
0639,0639_737,0639_2189
0085,0085_855,0085_795,0085_1235
0111,0111_925,0111_743,0111_186,0111_13,0111_270,0111_684
0863,0863_1509
0078,0078_1098
0519,0519_370,0519_242,0519_2189,0519_1376
0826,0826_2199,0826_27
1014,1014_60,1014_711
0594,0594_1999
0527,0527_751
0153,0153_235,0153_143,0153_1015
0020,0020_754
1071,1071_392,1071_431
0769,0769_382,0769_541,0769_781,0769_1180
0161,0161_398
0061,0061_909,0061_1156,0061_223
0257,0257_100
0600,0600_1140,0600_531
0372,0372_1762,0372_1144,0372_1222,0372_1791,0372_1557,0372_1516,0372_490,0372_593,0372_1060,0372_1815
1015,1015_2094,1015_80
0622,0622_1257,0622_927
0293,0293_589
0807,0807_1212
0679,0679_1414,0679_2110,0679_2818,0679_1044
0398,0398_478,0398_1583,0398_1096,0398_1115,0398_1642,0398_344,0398_1728,0398_1126
0715,0715_2098,0715_563
0104,0104_613
0824,0824_517,0824_1205,0824_645,0824_2139
0356,0356_80
0747,0747_1545,0747_1103
0198,0198_774,0198_317,0198_720,0198_425
0091,0091_1037
0071,0071_926
1076,1076_6,1076_1178,1076_305,1076_1028,1076_1348
0033,0033_565,0033_356
0607,0607_793,0607_23
0856,0856_700,0856_628,0856_483
0183,0183_1051
0994,0994_1380,0994_866
0573,0573_2272,0573_3483,0573_4007
0177,0177_163,0177_436
0752,0752_358,0752_431
0162,0162_1041,0162_320,0162_1102
0828,0828_0,0828_902,0828_1327,0828_1651
0975,0975_173,0975_1118
0225,0225_482,0225_191
0229,0229_143,0229_731,0229_87
0152,0152_682,0152_894
0887,0887_37,0887_615,0887_454
0566,0566_2887,0566_1922,0566_1801
0295,0295_395
0142,0142_562,0142_1028,0142_57,0142_207,0142_342,0142_807,0142_184,0142_313
0159,0159_617
1062,1062_1044,1062_197
0973,0973_1243,0973_380
0453,0453_848,0453_69,0453_1032,0453_724,0453_198,0453_1151
0097,0097_529
0785,0785_1537,0785_842,0785_689
0184,0184_307
0077,0077_534
0079,0079_150
0575,0575_1690,0575_2190
0526,0526_1725,0526_1387
0147,0147_255
0748,0748_1392
0286,0286_49
0859,0859_75,0859_89,0859_134
0861,0861_1425
0272,0272_174,0272_582,0272_113
0631,0631_536,0631_1400
0072,0072_583
0261,0261_122,0261_468
0886,0886_22,0886_210
0051,0051_273
0569,0569_2648,0569_2510,0569_911
0972,0972_302,0972_477,0972_702,0972_844
0531,0531_144,0531_1912
0462,0462_1637,0462_897,0462_2363,0462_2956,0462_1556,0462_2944
0870,0870_1068,0870_522
0672,0672_651,0672_3085,0672_1084,0672_1788
0988,0988_509
0421,0421_2305,0421_557,0421_1711
0215,0215_141,0215_808,0215_651
0782,0782_626
0027,0027_86,0027_35,0027_246,0027_1041
0805,0805_1759,0805_887
0597,0597_667
0112,0112_1297,0112_800
0028,0028_535
0008,0008_473,0008_905
0407,0407_2604,0407_20,0407_935
0237,0237_403
0518,0518_901
0141,0141_817,0141_70,0141_261
1056,1056_987
0422,0422_49,0422_531,0422_2762,0422_694,0422_2635,0422_2401
0817,0817_1543
0049,0049_444,0049_648
0618,0618_713,0618_1104
0110,0110_92
0048,0048_637,0048_348
0308,0308_645,0308_233,0308_429,0308_349
1037,1037_572,1037_1347,1037_466,1037_2861
0194,0194_388
0113,0113_1170
0680,0680_3536,0680_2465
0601,0601_2455,0601_2659
0562,0562_1819,0562_1749,0562_100
0534,0534_757,0534_6
0586,0586_1700,0586_46,0586_2236
0737,0737_926,0737_275
0380,0380_1329,0380_1393
0701,0701_2736,0701_2398,0701_2210,0701_1669,0701_2394
0405,0405_179,0405_2165,0405_35
0525,0525_1542,0525_1217
0050,0050_483,0050_797
0595,0595_2026
0086,0086_724,0086_372
0361,0361_120
0888,0888_578,0888_844
0540,0540_26,0540_1663
0218,0218_261,0218_112,0218_939,0218_966,0218_1012
0954,0954_87
0173,0173_918
0426,0426_1629,0426_925
0266,0266_88
0925,0925_1726,0925_2480
0070,0070_985
0653,0653_1959,0653_1459
0107,0107_825,0107_197,0107_121
0761,0761_1081,0761_310,0761_1180,0761_1749,0761_1025,0761_1102,0761_1731,0761_2165
1031,1031_668,1031_433,1031_2467
0552,0552_1824,0552_2202
0873,0873_1310,0873_443
0121,0121_106
0391,0391_793,0391_2064,0391_243
0327,0327_894,0327_443
0083,0083_267
0217,0217_893
0216,0216_795,0216_852,0216_137,0216_776,0216_537,0216_584
0741,0741_1035
0967,0967_1360,0967_69,0967_2747,0967_1459
0415,0415_392,0415_319,0415_1092
0163,0163_712
0874,0874_784,0874_1068,0874_1262
0684,0684_1023,0684_880
0961,0961_1123,0961_352
0040,0040_376
0754,0754_205
0652,0652_2537,0652_430
1035,1035_366,1035_2712,1035_640,1035_1540,1035_1343,1035_1270,1035_2649,1035_923
0588,0588_985,0588_852
0924,0924_417,0924_489
0043,0043_565,0043_1053,0043_91
0267,0267_763,0267_783,0267_398,0267_219,0267_591
0188,0188_962
0401,0401_754,0401_259,0401_673,0401_406
0168,0168_132,0168_1106,0168_135
0786,0786_621
0175,0175_1022
0896,0896_439,0896_2315
0106,0106_137
0349,0349_618
0075,0075_284
1073,1073_325,1073_1143
0082,0082_283
0054,0054_368,0054_438,0054_453,0054_261,0054_589
0156,0156_80
0533,0533_1840,0533_73
0875,0875_1149,0875_751,0875_801,0875_957,0875_622,0875_599,0875_1339
0436,0436_596,0436_487
0034,0034_266,0034_776,0034_816,0034_307,0034_733,0034_937,0034_709,0034_403,0034_824
0800,0800_354,0800_1094
1070,1070_1547,1070_1453,1070_103,1070_1939
0505,0505_11,0505_199
0644,0644_852,0644_2170
0686,0686_2502,0686_398
0544,0544_1229,0544_2243
0804,0804_538,0804_2207,0804_877,0804_2114
0219,0219_456,0219_819,0219_374
0387,0387_620,0387_813,0387_61,0387_432
0231,0231_821
0523,0523_1431,0523_171
0849,0849_247,0849_2344,0849_1238
0646,0646_249,0646_384,0646_128,0646_95
0946,0946_3705,0946_2292,0946_1228,0946_3096
0170,0170_471,0170_93
0211,0211_660
0313,0313_937
1042,1042_365
0868,0868_395
1036,1036_497,1036_2235
0625,0625_793,0625_182
0744,0744_232,0744_516
0245,0245_91
0160,0160_293
0044,0044_441,0044_950,0044_534
0125,0125_1110,0125_875,0125_521,0125_76
0489,0489_2114,0489_1310,0489_3681,0489_620,0489_941,0489_1603
0299,0299_355
0209,0209_437,0209_217
0149,0149_300
0323,0323_704
0023,0023_388
0602,0602_1123,0602_2916
0289,0289_583,0289_789,0289_619
1007,1007_2
0000,0000_69,0000_204,0000_195
0504,0504_1332,0504_421
0041,0041_994
1028,1028_517,1028_935,1028_1810,1028_1310
0775,0775_435
0986,0986_1199
0317,0317_1340
1050,1050_1097,1050_547
0456,0456_2736,0456_3174,0456_2063
0226,0226_850
1000,1000_1396,1000_1201,1000_2207,1000_2112,1000_2726,1000_1659
0905,0905_1102
0179,0179_183
0931,0931_1058,0931_105,0931_3,0931_1019
0064,0064_344
0098,0098_840,0098_454,0098_542,0098_342
0056,0056_227,0056_251
0062,0062_469
0047,0047_605
0099,0099_918,0099_459,0099_126
0230,0230_249
0089,0089_939,0089_272,0089_360,0089_1000
0546,0546_2550,0546_2208
0960,0960_37,0960_1125
0280,0280_829,0280_694,0280_529
1058,1058_910
0996,0996_262
1069,1069_192
0796,0796_1184
0876,0876_185
0797,0797_1076
0399,0399_751,0399_235
