0615,0615_265,0615_157,0615_58,0615_959,0615_2188,0615_2500,0615_572,0615_1860,0615_3146,0615_2555,0615_661,0615_2120,0615_1037,0615_2885,0615_1384
0484,0484_2958,0484_568
0316,0316_1303
0007,0007_357,0007_258,0007_272
0165,0165_209
0492,0492_1318,0492_985,0492_359,0492_1454
0157,0157_50
0702,0702_433,0702_243
1077,1077_1324,1077_184,1077_380,1077_1079,1077_1033,1077_634
0442,0442_1308,0442_343,0442_2894,0442_2733,0442_2139,0442_1505,0442_37,0442_2999,0442_1538
1001,1001_394
1017,1017_1024,1017_1290,1017_1774,1017_765,1017_306,1017_1644,1017_2194,1017_1299,1017_877,1017_1234,1017_1600
0371,0371_1091,0371_829,0371_309,0371_1480,0371_897,0371_1349,0371_991,0371_966,0371_20
0791,0791_2305,0791_2022,0791_1398,0791_1448
0714,0714_2297,0714_1533,0714_892,0714_1991,0714_732,0714_1357,0714_1929,0714_2609
0561,0561_1546,0561_119,0561_801,0561_1449,0561_2999,0561_1223,0561_940,0561_2227,0561_503,0561_446,0561_593,0561_1011,0561_1062,0561_295,0561_2232,0561_88,0561_857,0561_389,0561_54,0561_1146,0561_2683
0706,0706_821,0706_710,0706_453,0706_19
0992,0992_195,0992_1268,0992_1432
0889,0889_1380
0148,0148_1033
0651,0651_2626,0651_559,0651_2100,0651_2748,0651_2320,0651_1811,0651_1183,0651_1132
0100,0100_303
0258,0258_91
0956,0956_102,0956_270
0394,0394_1045,0394_378
0176,0176_426,0176_213,0176_412,0176_854
0803,0803_2230,0803_2659,0803_2391,0803_1760,0803_820,0803_1242,0803_1155,0803_1553,0803_2375,0803_690
0491,0491_1515,0491_2344
0127,0127_1183,0127_929
0643,0643_382,0643_944,0643_83,0643_1924,0643_1771,0643_1023
0328,0328_366,0328_16,0328_812
0390,0390_2245,0390_724,0390_1287,0390_590,0390_533,0390_307
0134,0134_1160,0134_837,0134_314
0485,0485_1737,0485_975
0343,0343_672,0343_898,0343_713,0343_1120,0343_641
0334,0334_195
0191,0191_171,0191_409,0191_543,0191_929
0846,0846_1141
0324,0324_985,0324_9,0324_797,0324_449,0324_69,0324_501,0324_127,0324_50,0324_548,0324_200
0404,0404_190,0404_1170,0404_548,0404_29,0404_570
0433,0433_869,0433_1194,0433_367,0433_5,0433_681,0433_426,0433_288,0433_1136,0433_1659,0433_1491
0648,0648_110,0648_95
0792,0792_1108,0792_284
0831,0831_1562,0831_966,0831_604
0294,0294_1061
0009,0009_547,0009_298,0009_789,0009_513,0009_293,0009_143,0009_687,0009_292,0009_286,0009_550,0009_206
0576,0576_1123,0576_1828
0798,0798_250,0798_275,0798_84
0314,0314_1318,0314_594,0314_118,0314_763,0314_87,0314_1140
0021,0021_823,0021_778
0818,0818_1237,0818_53
0628,0628_623,0628_996,0628_116,0628_1458,0628_69,0628_1520,0628_1791,0628_874,0628_358,0628_1318,0628_348,0628_393
0490,0490_721,0490_730
0820,0820_2558,0820_2799,0820_2328,0820_119,0820_2187,0820_2899,0820_1129,0820_88
0882,0882_212,0882_114,0882_982,0882_869,0882_1599,0882_851
0528,0528_198,0528_91
0932,0932_2755,0932_9,0932_824,0932_1175,0932_650
0572,0572_1126,0572_1893,0572_2294,0572_1387,0572_2368,0572_358,0572_3378,0572_2545,0572_1216
0012,0012_959,0012_156,0012_965,0012_767
0968,0968_904,0968_521,0968_1743,0968_1299
0687,0687_2429,0687_537
1021,1021_998
0439,0439_535,0439_1663,0439_702,0439_765,0439_491,0439_1394,0439_328,0439_2111,0439_366
0383,0383_632,0383_123
0277,0277_33
0495,0495_2353,0495_2517,0495_1786,0495_2258,0495_1641,0495_2362
0917,0917_841,0917_831,0917_122,0917_932,0917_758
0816,0816_169
1044,1044_1033,1044_1925,1044_1713
0692,0692_1092
0778,0778_186,0778_478
0589,0589_1591,0589_1144,0589_459,0589_2435,0589_771,0589_699,0589_2329,0589_36,0589_2542,0589_1975,0589_2496,0589_1695,0589_1800,0589_819,0589_660,0589_1366
0357,0357_321
0182,0182_993,0182_544,0182_552
0608,0608_1612,0608_2648,0608_1334
0292,0292_654,0292_419,0292_828
0649,0649_678,0649_304
0867,0867_687,0867_896
0762,0762_198,0762_1009,0762_466,0762_1455,0762_1884
0506,0506_1359,0506_680,0506_180,0506_1464,0506_1893,0506_933,0506_1576,0506_1100
1057,1057_201
0124,0124_471
0084,0084_67
0285,0285_604
0854,0854_1601,0854_1340,0854_2521
0474,0474_1923,0474_84,0474_758,0474_1012,0474_726,0474_1634,0474_254,0474_1478,0474_1575
0273,0273_941,0273_28
0806,0806_2890,0806_2615
1020,1020_1765,1020_2428,1020_587,1020_280
0749,0749_933,0749_1874
0419,0419_235,0419_1874,0419_192
0348,0348_831,0348_560,0348_439
0707,0707_2067,0707_676,0707_77,0707_107,0707_410,0707_1330,0707_361
0926,0926_8,0926_1211
0740,0740_315,0740_840
0015,0015_410,0015_720,0015_446,0015_684
0195,0195_215,0195_361
0181,0181_188
0016,0016_381,0016_95,0016_709,0016_780
0310,0310_239,0310_356,0310_176
0497,0497_2080,0497_935,0497_609
0370,0370_1418,0370_135,0370_61
0413,0413_2601,0413_1006,0413_1993,0413_2236,0413_1721,0413_379
0890,0890_2403,0890_1160,0890_2366,0890_838
0756,0756_496,0756_932,0756_1602,0756_1340,0756_602,0756_8,0756_420,0756_203,0756_256
0224,0224_304
0574,0574_2415,0574_2090,0574_1221,0574_1005
0660,0660_2062
0055,0055_559,0055_83,0055_1095
0812,0812_1374,0812_152,0812_854,0812_881,0812_733
0908,0908_1207,0908_280
0246,0246_720
0274,0274_954,0274_588,0274_251
0765,0765_181,0765_540,0765_34
0254,0254_561,0254_653
0336,0336_1087
1072,1072_1466,1072_2591,1072_2313,1072_2383
0132,0132_357,0132_401,0132_7
0656,0656_1064
0243,0243_555,0243_21
0947,0947_1113
0117,0117_239
0638,0638_2713,0638_57,0638_2710,0638_1841,0638_2612,0638_2530
0090,0090_700,0090_256
0118,0118_622,0118_8
0222,0222_458,0222_242
0645,0645_724,0645_887,0645_385,0645_1054,0645_1342,0645_1257,0645_1147,0645_1834,0645_255,0645_207
0722,0722_1027,0722_1309,0722_496,0722_1543,0722_1056
0895,0895_2597,0895_2543,0895_2144,0895_2087,0895_2451,0895_2658
0065,0065_19,0065_302,0065_159,0065_704,0065_43,0065_247
0630,0630_1269,0630_248,0630_912,0630_1362
1022,1022_796
0457,0457_1348,0457_2242,0457_20,0457_623,0457_1453,0457_1415,0457_1482,0457_2538,0457_1967,0457_2694,0457_2001,0457_2191,0457_1268,0457_1410,0457_1414
0610,0610_277
0466,0466_94,0466_385
1064,1064_108,1064_1032,1064_823
0386,0386_1305,0386_596,0386_69
0240,0240_751,0240_261
0632,0632_1871
0897,0897_2221,0897_1190,0897_248,0897_1245
1009,1009_115
0742,0742_473,0742_1734
0603,0603_840,0603_752,0603_360,0603_2426,0603_854,0603_602
0250,0250_578,0250_580,0250_370,0250_93
0966,0966_269,0966_1382
0238,0238_698,0238_462,0238_661
0974,0974_827,0974_1594,0974_929
0482,0482_68,0482_506,0482_241
0345,0345_946,0345_667,0345_748
0167,0167_277
0037,0037_297,0037_295,0037_673,0037_805,0037_289
0069,0069_1053,0069_458,0069_430,0069_737
1048,1048_1792,1048_1051,1048_476,1048_621,1048_388,1048_1372,1048_1293,1048_1127,1048_1581
0201,0201_254,0201_827,0201_584,0201_261,0201_218,0201_790
0677,0677_2076,0677_79
0302,0302_928
0469,0469_603,0469_1255,0469_953,0469_482,0469_1964,0469_950
0688,0688_214,0688_171,0688_1491,0688_1464,0688_1008
0363,0363_889,0363_401,0363_504,0363_265
0252,0252_276,0252_374,0252_525,0252_33
0982,0982_205
0503,0503_1480,0503_2093,0503_1730,0503_1833,0503_1272,0503_998,0503_1548,0503_1228,0503_171,0503_1348
0412,0412_133,0412_2544,0412_962
0307,0307_96,0307_610,0307_167,0307_957,0307_1050,0307_785,0307_678,0307_86,0307_612,0307_717
0790,0790_782
0212,0212_860,0212_59,0212_79
0814,0814_1064,0814_1106,0814_434,0814_373,0814_929,0814_938,0814_877,0814_806
0878,0878_345,0878_53,0878_238,0878_229
1010,1010_301,1010_876
0063,0063_772,0063_1013,0063_796
0140,0140_37,0140_1249
0042,0042_788,0042_65,0042_107,0042_27
0322,0322_1023,0322_354,0322_245,0322_325,0322_466,0322_76
1038,1038_2144,1038_458,1038_823,1038_1552,1038_1314,1038_1434,1038_565,1038_767
0593,0593_121
0207,0207_36,0207_219
0210,0210_48
0671,0671_2654,0671_2767
0036,0036_1250
0664,0664_784,0664_1921
0335,0335_939,0335_344,0335_330,0335_144
0776,0776_651,0776_1899
0005,0005_315,0005_468,0005_348,0005_453,0005_296
0580,0580_704,0580_1694
0862,0862_1954
0253,0253_139,0253_509
0414,0414_2226,0414_394,0414_2255,0414_403,0414_936,0414_605,0414_1938,0414_1273
0819,0819_1103,0819_1505,0819_1439,0819_8,0819_85,0819_379,0819_1562
0559,0559_2275,0559_2207,0559_3174,0559_575,0559_3372,0559_2456,0559_1401,0559_1213,0559_846,0559_464,0559_241,0559_2631,0559_3260,0559_8,0559_1544,0559_3117,0559_737,0559_2477,0559_2507
0855,0855_372
0463,0463_1692,0463_1055
0734,0734_1117,0734_637,0734_299,0734_746,0734_1103,0734_1404
0133,0133_1031,0133_1039,0133_1181,0133_206,0133_23,0133_178,0133_1004,0133_880,0133_304
0461,0461_3031,0461_227,0461_1303,0461_2926,0461_823,0461_1259
0847,0847_1583
0617,0617_628,0617_1868,0617_1035
0352,0352_292,0352_207,0352_330
0667,0667_1291,0667_291
0301,0301_929
0418,0418_729,0418_277,0418_1084
0923,0923_18,0923_215
0264,0264_14,0264_64,0264_68
0026,0026_811,0026_763,0026_410,0026_73
0852,0852_306,0852_471,0852_443,0852_659,0852_256,0852_748
0203,0203_401
0208,0208_711,0208_744,0208_130
0611,0611_399
0958,0958_863,0958_1168
0393,0393_37,0393_2426
0190,0190_968
0720,0720_1469,0720_1727
0128,0128_416
0936,0936_237
0068,0068_412
0623,0623_1018,0623_75
0030,0030_590,0030_281,0030_46,0030_313,0030_513,0030_232,0030_892
0233,0233_500
0556,0556_185,0556_265
0532,0532_1881,0532_530,0532_2064,0532_632,0532_1618,0532_2156,0532_377,0532_1897,0532_766,0532_969,0532_1100,0532_1860,0532_1732
0581,0581_160,0581_1694
0346,0346_87
0716,0716_463,0716_1373
0708,0708_1783,0708_2422,0708_1029
0263,0263_139
0793,0793_93,0793_64
0779,0779_631,0779_922,0779_276,0779_834
0787,0787_213,0787_334
0022,0022_772,0022_433
0187,0187_837,0187_668,0187_797,0187_282,0187_396
0853,0853_2092,0853_1135,0853_1026,0853_3393,0853_2991,0853_2312,0853_1115,0853_2264,0853_2543,0853_816,0853_3397,0853_591,0853_1086,0853_598,0853_2108,0853_70
1006,1006_390,1006_868,1006_1154
0567,0567_994,0567_1934
0454,0454_342,0454_1875,0454_913,0454_1726,0454_1479,0454_312
0108,0108_199
0848,0848_2104,0848_1025,0848_2369
0929,0929_1166,0929_498,0929_1663,0929_762,0929_54,0929_2356,0929_574,0929_1432,0929_2122,0929_1736,0929_2055,0929_1144,0929_586,0929_1694,0929_973,0929_391,0929_1695,0929_365,0929_436,0929_2557,0929_304,0929_369,0929_1117,0929_2207,0929_1230,0929_195,0929_1654,0929_1418,0929_2246,0929_780,0929_2075,0929_93,0929_1627,0929_1063,0929_533,0929_1778,0929_520
0827,0827_1433,0827_124,0827_1788
0400,0400_1037,0400_424
0695,0695_467
0963,0963_204,0963_161,0963_234,0963_69
0639,0639_1198,0639_1768
0085,0085_1288,0085_843,0085_801,0085_531,0085_1186
0513,0513_1014,0513_920
0111,0111_177,0111_658,0111_196,0111_856,0111_427,0111_489,0111_698
0863,0863_548,0863_594,0863_256,0863_572,0863_1366,0863_277
0498,0498_2573,0498_2999,0498_632,0498_799,0498_1565,0498_2313,0498_3029,0498_1330
0685,0685_2210,0685_2088,0685_2661,0685_1781,0685_681,0685_3041,0685_2249,0685_2459,0685_2289,0685_520
0519,0519_1158,0519_560,0519_1142,0519_2478
0666,0666_744,0666_3789
1027,1027_149,1027_1765,1027_1264,1027_195,1027_1366,1027_381
0092,0092_455,0092_909,0092_25,0092_742,0092_888,0092_1026,0092_319,0092_137
0826,0826_3,0826_1080,0826_1938,0826_2383,0826_111,0826_1471,0826_1794,0826_2742
1014,1014_1010,1014_168,1014_1003,1014_490,1014_1061,1014_548,1014_812,1014_1346,1014_202
0594,0594_1411,0594_1610,0594_1586
0959,0959_1117,0959_1149
0527,0527_876,0527_1392,0527_1541,0527_908,0527_1000,0527_565,0527_1643,0527_1009,0527_435,0527_1548,0527_91,0527_490
0153,0153_914,0153_385,0153_160
1071,1071_324
0582,0582_2172,0582_1884,0582_3152,0582_1231,0582_2608,0582_3044
0769,0769_895,0769_1020
0205,0205_655,0205_790,0205_264,0205_844,0205_919,0205_628,0205_409
0035,0035_410,0035_172
0161,0161_624
1030,1030_3129,1030_3895,1030_3238,1030_3091,1030_76,1030_680,1030_3031,1030_2163
0811,0811_378,0811_989
0813,0813_572,0813_1429
0061,0061_613,0061_996,0061_986
0350,0350_361,0350_211,0350_651
0901,0901_1805,0901_2144,0901_2280,0901_1683
0600,0600_584,0600_1449,0600_2024,0600_398,0600_930,0600_98,0600_32,0600_928,0600_187
0451,0451_184,0451_176
0372,0372_97,0372_792,0372_1501
1015,1015_67,1015_1752,1015_1074,1015_614,1015_756,1015_33,1015_810,1015_1695,1015_291,1015_1829,1015_1183,1015_200,1015_1530,1015_2370,1015_1565,1015_250,1015_932,1015_594,1015_380,1015_42,1015_1644
0300,0300_148,0300_428
0622,0622_452,0622_2267,0622_242,0622_388
0475,0475_916,0475_1047,0475_291,0475_2874,0475_3103,0475_272,0475_2058,0475_2738
0763,0763_1243,0763_1435,0763_1296,0763_503,0763_1422,0763_1488,0763_86,0763_434
0477,0477_4061,0477_4024,0477_836,0477_2837,0477_233,0477_3419
0293,0293_144,0293_790
1049,1049_836
0807,0807_835,0807_1626,0807_96,0807_1518,0807_369
0429,0429_1524,0429_269,0429_884,0429_1126,0429_1402,0429_1237,0429_1567
0679,0679_950,0679_1947,0679_2652,0679_1959
0355,0355_59
0398,0398_1284
0715,0715_1664,0715_929,0715_2655,0715_960,0715_2078,0715_2450,0715_2609
0560,0560_2971,0560_1909,0560_1152,0560_3142,0560_3393,0560_53,0560_1252,0560_2726,0560_2681,0560_3046,0560_270,0560_3430,0560_969,0560_199,0560_1346,0560_2248
1068,1068_545,1068_66
0104,0104_1029,0104_1071,0104_357,0104_62,0104_331
0629,0629_609,0629_1513,0629_2150
0824,0824_527,0824_1889,0824_118,0824_578,0824_2019,0824_2255
0845,0845_464
0368,0368_189,0368_277,0368_509,0368_296,0368_196,0368_6,0368_369,0368_344,0368_485
0840,0840_179,0840_1442,0840_1312,0840_2101,0840_16,0840_2302,0840_2560,0840_2398,0840_2568,0840_1624,0840_1375,0840_2423,0840_2613,0840_692,0840_92,0840_1314,0840_1989,0840_2030
0773,0773_226
0356,0356_743,0356_262
0989,0989_497
0746,0746_528,0746_24,0746_215,0746_456
0198,0198_720
0979,0979_1631,0979_1702
0091,0091_678
0517,0517_1227,0517_200,0517_1354,0517_54
0158,0158_68,0158_297
0318,0318_69
1043,1043_492,1043_514
0727,0727_749,0727_253,0727_1656,0727_1700,0727_898,0727_1287,0727_1057,0727_1486,0727_295
0071,0071_340,0071_1074
1076,1076_1135
0939,0939_3699,0939_2024,0939_2653,0939_65,0939_839,0939_1165
0033,0033_382,0033_35,0033_921,0033_146,0033_549,0033_785
0607,0607_599,0607_2709,0607_416
0799,0799_1025
0337,0337_403,0337_619,0337_629
0810,0810_1281,0810_551
0691,0691_1742,0691_459,0691_1711
0856,0856_647,0856_600
0183,0183_265,0183_1051,0183_525,0183_228,0183_563,0183_796
0351,0351_618,0351_622,0351_273,0351_142
0902,0902_2639,0902_792,0902_19,0902_2108,0902_1129,0902_810,0902_556,0902_2656,0902_2268,0902_2731,0902_2631,0902_1477,0902_369,0902_2756,0902_1273,0902_176
0994,0994_522,0994_1493,0994_879,0994_2239,0994_2523,0994_941,0994_1249,0994_1321,0994_1020,0994_1512,0994_1200,0994_2543,0994_279,0994_1870,0994_1729,0994_2383
0573,0573_1521,0573_457,0573_1151,0573_2668,0573_1575,0573_520,0573_2038,0573_1982,0573_962,0573_3934,0573_2183
0177,0177_458
0951,0951_1565,0951_1105
0162,0162_224,0162_39,0162_811
0499,0499_1814
0828,0828_616,0828_1245
1094,1094_1286,1094_842
0432,0432_1011,0432_198,0432_150,0432_1333,0432_800,0432_679,0432_210,0432_991,0432_264,0432_1413,0432_292,0432_1035,0432_141,0432_1066,0432_972,0432_818,0432_132
0938,0938_957,0938_290,0938_1737,0938_1213,0938_1588,0938_180,0938_1363,0938_21
1029,1029_1492,1029_437,1029_358
0449,0449_687,0449_1831,0449_129,0449_969,0449_537,0449_1671,0449_1011,0449_251,0449_1111,0449_360
0568,0568_4245,0568_454,0568_4264,0568_3275,0568_3760,0568_682
0891,0891_1841,0891_1376,0891_720,0891_1150,0891_1241,0891_809,0891_1758,0891_1154
0229,0229_131,0229_720
0152,0152_400,0152_741
0039,0039_304
0385,0385_1102,0385_799,0385_1657,0385_39,0385_1280,0385_1113,0385_650,0385_1161,0385_442
0180,0180_510
0295,0295_742,0295_17,0295_384,0295_1101,0295_330
0142,0142_994
0159,0159_755,0159_860
0522,0522_176,0522_286
0287,0287_521,0287_1042,0287_427
0674,0674_2269,0674_1297,0674_1512,0674_610
0097,0097_320,0097_453,0097_29,0097_158,0097_886,0097_681,0097_667,0097_235
0785,0785_863
0184,0184_307
0750,0750_1288,0750_1164,0750_119,0750_1412,0750_909,0750_737
0244,0244_573,0244_959
0079,0079_350,0079_965,0079_392,0079_318
0575,0575_67,0575_1497
0526,0526_1729,0526_1395,0526_1906,0526_141
0147,0147_838,0147_119,0147_280
0447,0447_2024,0447_1694
0408,0408_1462,0408_1336,0408_1214,0408_1929,0408_720,0408_1873,0408_2159,0408_1367,0408_2413,0408_1284,0408_1700
0713,0713_1539,0713_993
0616,0616_246,0616_3025,0616_2741,0616_2514,0616_2963,0616_2083,0616_3294,0616_31,0616_534,0616_3112,0616_144,0616_3180,0616_429,0616_1253,0616_2538,0616_2126
0898,0898_1773,0898_44,0898_972,0898_112,0898_746,0898_1290
0748,0748_1030,0748_1158,0748_1280,0748_1162,0748_726
0286,0286_992,0286_255
0859,0859_668,0859_15,0859_1543
0861,0861_1397
0631,0631_2010,0631_870,0631_1714,0631_1230
0072,0072_60,0072_245
0261,0261_504,0261_600,0261_369,0261_792
0541,0541_2375,0541_1911,0541_1156,0541_308
0296,0296_818,0296_580,0296_216,0296_466,0296_599,0296_140,0296_648
0821,0821_410,0821_2030,0821_1471,0821_1721,0821_3072,0821_226,0821_3102,0821_2032
0185,0185_90
0569,0569_1285,0569_1752,0569_1922
1084,1084_1746,1084_1456,1084_761,1084_1736,1084_1361,1084_444,1084_817,1084_541
1083,1083_398,1083_522,1083_22,1083_485,1083_274
0972,0972_1182
1080,1080_355
0531,0531_916,0531_1365
0462,0462_843,0462_2000,0462_2115,0462_987,0462_2344,0462_1692,0462_2718,0462_1380,0462_3171,0462_528,0462_1808,0462_3030,0462_1278,0462_1237
0376,0376_305,0376_1433
0338,0338_129,0338_471
0870,0870_314,0870_242,0870_1095,0870_979
0672,0672_1831,0672_1918,0672_1851
0964,0964_941,0964_371,0964_43
0530,0530_332,0530_497
0988,0988_827,0988_1340
0421,0421_1324,0421_346,0421_656
0642,0642_873,0642_1066,0642_157,0642_693
0202,0202_796,0202_237,0202_118,0202_702,0202_274
0215,0215_153,0215_289,0215_635,0215_426,0215_679,0215_651,0215_483
0782,0782_685
0027,0027_105
0488,0488_590,0488_2870,0488_384,0488_1951,0488_1500,0488_2426
0805,0805_2139,0805_2489,0805_541,0805_2220
0428,0428_26,0428_1185
0112,0112_1183,0112_149,0112_474
0952,0952_932
0957,0957_1246,0957_1045,0957_316,0957_896,0957_1391
0735,0735_865
0470,0470_918,0470_2005,0470_151,0470_2230,0470_775,0470_1432,0470_1279,0470_2003,0470_642,0470_1684,0470_1277,0470_1535,0470_1368
0841,0841_1252,0841_671,0841_2136,0841_1871,0841_2611,0841_3156,0841_868,0841_2340,0841_2488,0841_2332,0841_3052,0841_2062,0841_2454,0841_784
0028,0028_433
0008,0008_401,0008_646,0008_682,0008_140,0008_14
0196,0196_749,0196_813,0196_208,0196_584,0196_158,0196_683,0196_679,0196_1053,0196_1058,0196_698
0407,0407_1514,0407_1317,0407_1697,0407_1044,0407_2234,0407_2276,0407_2173,0407_2718
0237,0237_724,0237_955,0237_608
0965,0965_830,0965_244
0915,0915_1259
0141,0141_1118,0141_698,0141_786,0141_1134
0397,0397_1248,0397_1443,0397_345,0397_517,0397_10
1056,1056_842
0422,0422_2756,0422_1708,0422_2731,0422_40,0422_1316,0422_386,0422_2100,0422_519,0422_956,0422_155,0422_1433
0049,0049_134
0618,0618_1802,0618_2306,0618_1347,0618_962,0618_1523,0618_2498
0110,0110_49,0110_522,0110_412,0110_1010
0699,0699_309,0699_271,0699_1415,0699_1227,0699_533
0860,0860_396,0860_1263,0860_1380,0860_1137
0308,0308_1010,0308_1136
0659,0659_2248,0659_2631,0659_48,0659_2132
0321,0321_485,0321_746,0321_68,0321_934,0321_811,0321_574
0427,0427_114
1037,1037_272,1037_1392,1037_2903,1037_77,1037_3021,1037_3118,1037_2251,1037_3682,1037_2338,1037_1481
0194,0194_860,0194_661,0194_388,0194_458,0194_172
1032,1032_193
0113,0113_10,0113_542,0113_1297,0113_999,0113_279,0113_385
0680,0680_1361
0342,0342_627,0342_25
0866,0866_990
0904,0904_1271,0904_2248,0904_147,0904_1337,0904_610,0904_1437,0904_1894,0904_937
0601,0601_393,0601_1572,0601_1756,0601_1067,0601_783,0601_447,0601_1868,0601_1101,0601_627
0151,0151_162
0562,0562_960,0562_1322,0562_2795,0562_2201,0562_760,0562_904,0562_2071,0562_3210
0534,0534_1738,0534_364,0534_148,0534_781,0534_270,0534_276,0534_687,0534_1045
0496,0496_221,0496_156,0496_479,0496_2226,0496_1411,0496_446
1051,1051_1376,1051_1282,1051_1258,1051_548
0380,0380_315,0380_1436,0380_718,0380_1046,0380_461
0236,0236_173,0236_77,0236_369,0236_889,0236_135
0701,0701_397,0701_1703
0525,0525_1165,0525_861,0525_993,0525_1070
0937,0937_545,0937_366,0937_1086,0937_1019,0937_939
0657,0657_1434,0657_920,0657_2272,0657_1953,0657_1250
0050,0050_489
0698,0698_294,0698_349,0698_1982,0698_2188
0476,0476_2373,0476_1229,0476_2960
0595,0595_2123,0595_130,0595_1240,0595_1043,0595_1537
0420,0420_2914,0420_730,0420_1675
0086,0086_36,0086_935,0086_298,0086_306,0086_84
1034,1034_3033,1034_1200,1034_3030,1034_3004
0834,0834_1188,0834_1126,0834_576,0834_1140,0834_1068
1008,1008_929,1008_799,1008_1284
1079,1079_71,1079_1212
0232,0232_516
0888,0888_1194
0540,0540_1846,0540_61,0540_745,0540_1363,0540_865,0540_1484
0524,0524_424,0524_2270,0524_2213,0524_489,0524_1532,0524_623
0218,0218_1118,0218_376,0218_78,0218_939,0218_968
0954,0954_676,0954_565,0954_718,0954_817
0173,0173_380
0894,0894_606,0894_2101,0894_285,0894_2387
0999,0999_1037,0999_109,0999_591,0999_151
0344,0344_977,0344_822
0426,0426_1733,0426_882,0426_1597,0426_1499
0925,0925_2049,0925_849,0925_1596,0925_2465,0925_521,0925_1719,0925_1782,0925_1304,0925_507,0925_385
0070,0070_413,0070_168
0107,0107_498,0107_905
0512,0512_3695,0512_2413,0512_3352,0512_1656,0512_681,0512_780
0278,0278_35,0278_745,0278_412,0278_789,0278_64
0478,0478_336,0478_1121,0478_937,0478_1916,0478_1435,0478_2012,0478_845,0478_734,0478_2468,0478_467
0761,0761_1567,0761_710,0761_2154,0761_1423,0761_2443,0761_1098,0761_849,0761_828,0761_1449,0761_2178,0761_191,0761_1033,0761_798
1031,1031_884,1031_2418,1031_1087,1031_449,1031_2347,1031_319,1031_2735,1031_291
0583,0583_1071,0583_1685
0552,0552_1587,0552_194,0552_117,0552_1389,0552_1590,0552_152
0873,0873_912
0138,0138_463,0138_198
0919,0919_641,0919_1010,0919_909,0919_881
0121,0121_9
0391,0391_2134,0391_2327,0391_467
1033,1033_38
0743,0743_1032,0743_1338,0743_187,0743_91,0743_491
0930,0930_2165,0930_2756
0833,0833_681
0083,0083_836
0217,0217_893,0217_263
0216,0216_68,0216_852,0216_735,0216_48
0279,0279_228,0279_35,0279_53,0279_624
0967,0967_613,0967_2093
0415,0415_2050,0415_2417,0415_865,0415_1319,0415_1194,0415_347,0415_1349,0415_1697
0239,0239_506,0239_93,0239_826
0658,0658_1918,0658_1969,0658_1629,0658_1475
0163,0163_597,0163_127,0163_288,0163_266,0163_246,0163_714,0163_656
0670,0670_1447,0670_2366
0014,0014_769,0014_417,0014_928,0014_239,0014_695,0014_455
0481,0481_1010,0481_812,0481_168
0874,0874_341
0624,0624_1869,0624_1323,0624_1980,0624_1572,0624_967
0684,0684_2063,0684_156,0684_3451,0684_184
1023,1023_115
0700,0700_1559,0700_869,0700_3763,0700_3809,0700_651
0040,0040_937
0754,0754_591
0652,0652_1861,0652_1011,0652_198,0652_102
0468,0468_1807,0468_1609,0468_283,0468_295,0468_1760,0468_996,0468_496,0468_885
1040,1040_624,1040_249
0551,0551_1270,0551_1072
0588,0588_964,0588_1969
0539,0539_429,0539_1060,0539_725,0539_2105,0539_853
0903,0903_1723,0903_488,0903_1770,0903_1620,0903_769,0903_2512
0309,0309_717,0309_1302,0309_533
0924,0924_1769,0924_34,0924_2446,0924_556,0924_158,0924_5
0043,0043_932
0267,0267_976,0267_488
0188,0188_962
0440,0440_2671,0440_3007,0440_174,0440_2590,0440_602,0440_2844,0440_839,0440_490
0401,0401_363,0401_404,0401_618,0401_1147,0401_10,0401_733,0401_972,0401_1158,0401_1046,0401_1289,0401_677
0381,0381_31,0381_68
0786,0786_283,0786_1162
0373,0373_786,0373_1525,0373_420
0175,0175_782,0175_374,0175_365
0896,0896_989,0896_2879
0106,0106_809,0106_352,0106_829,0106_883,0106_396,0106_626,0106_211,0106_736,0106_571
0825,0825_877,0825_1337
0349,0349_194,0349_1018,0349_680,0349_938
0265,0265_129,0265_873,0265_1112,0265_340,0265_132,0265_880
0075,0075_777,0075_548,0075_400,0075_933
1073,1073_272
0341,0341_68,0341_418,0341_240,0341_585
0082,0082_415,0082_681,0082_838
0770,0770_16,0770_1902,0770_3018,0770_1162,0770_2574,0770_344
0054,0054_367
0520,0520_1889
0751,0751_2043,0751_945,0751_1156,0751_221,0751_1908,0751_1840,0751_1068,0751_577,0751_1178,0751_1640,0751_1978,0751_1692
1052,1052_35,1052_2217,1052_1508,1052_811,1052_1893,1052_1025,1052_1661,1052_204,1052_2199,1052_1538,1052_618,1052_1022,1052_613,1052_290
0058,0058_3
0291,0291_140
0766,0766_287,0766_343
0029,0029_506,0029_162,0029_46
0156,0156_63
0533,0533_1861,0533_859,0533_821,0533_1781,0533_1426,0533_1006
0909,0909_688,0909_387
0538,0538_798,0538_2365,0538_1795,0538_1715,0538_2168,0538_1993
0875,0875_1195,0875_132
0436,0436_300,0436_936,0436_1310,0436_270,0436_1210,0436_84
0881,0881_2532,0881_473,0881_69,0881_1638,0881_851,0881_51
0034,0034_805,0034_1054,0034_984,0034_1077
1055,1055_1193,1055_1491,1055_208,1055_540,1055_1189,1055_1094,1055_271,1055_2213
0800,0800_575
0995,0995_1200,0995_803,0995_155,0995_1111,0995_861
1070,1070_849,1070_1357,1070_506,1070_1336,1070_1177,1070_2577,1070_24,1070_106
0013,0013_297,0013_72,0013_107
0721,0721_367,0721_2059,0721_1538,0721_1277,0721_1681,0721_506,0721_1958,0721_327
0764,0764_790,0764_1379
0505,0505_1786,0505_3034,0505_485,0505_355,0505_2591,0505_1947,0505_640,0505_248,0505_3014,0505_1637,0505_454,0505_341,0505_3285,0505_2307
0553,0553_749,0553_2433,0553_613
0644,0644_845,0644_1639,0644_1646,0644_1704,0644_1378,0644_464,0644_1804,0644_618,0644_445,0644_1951,0644_1324,0644_1946,0644_2106,0644_1471,0644_1264
0690,0690_84,0690_70
1085,1085_1498,1085_50
0686,0686_717,0686_206,0686_293,0686_1881
0172,0172_219
0681,0681_464,0681_997
0510,0510_918
0544,0544_147,0544_305
0804,0804_196,0804_266
0219,0219_787,0219_510,0219_366,0219_175,0219_886,0219_841
0387,0387_94,0387_968,0387_253,0387_717,0387_1164,0387_694,0387_320,0387_542,0387_1191,0387_653
0884,0884_540,0884_990,0884_934,0884_573,0884_5
0523,0523_1805,0523_1205,0523_1904,0523_2095,0523_1070,0523_894
0849,0849_2072,0849_2164,0849_1999,0849_3068,0849_1377,0849_1190,0849_1180,0849_2287
0135,0135_17
0019,0019_224
0565,0565_1344,0565_2259,0565_700,0565_457,0565_165,0565_795,0565_1387,0565_440,0565_1443,0565_1206,0565_106,0565_2696,0565_3163,0565_1050,0565_330
0646,0646_709,0646_1775,0646_1170,0646_968,0646_1189,0646_1005
1078,1078_331,1078_442,1078_565
1003,1003_2026,1003_160,1003_1933,1003_1156
1045,1045_1167
0315,0315_652,0315_788,0315_697,0315_957,0315_192
0170,0170_689,0170_77,0170_337
0443,0443_503,0443_2106,0443_2005,0443_1390,0443_1987,0443_1125,0443_139,0443_1475,0443_649,0443_2008
0369,0369_1523,0369_1627,0369_867,0369_335
0211,0211_1126,0211_122,0211_399,0211_660
0893,0893_421,0893_183
0270,0270_93
1042,1042_1584,1042_1374,1042_1085,1042_763
0247,0247_335,0247_318,0247_583
0288,0288_488
1036,1036_2920,1036_162
0214,0214_5
0625,0625_721,0625_1173,0625_70,0625_1011
0744,0744_147,0744_18,0744_646,0744_244,0744_456,0744_635,0744_886,0744_252,0744_464
0425,0425_578
0789,0789_2307,0789_1657
0245,0245_752,0245_201
0160,0160_503,0160_295,0160_740
0410,0410_234,0410_300,0410_638
0044,0044_1003
0693,0693_698
0673,0673_1230,0673_1151,0673_767,0673_479,0673_1838,0673_1732,0673_2151
0119,0119_309,0119_1384,0119_142,0119_823
0467,0467_781,0467_1484
0441,0441_965,0441_2075,0441_3232,0441_732,0441_962,0441_1013,0441_462,0441_1152,0441_2666,0441_3099,0441_3150
0783,0783_469,0783_1563
0489,0489_2861,0489_2294,0489_2704,0489_1174,0489_1526
0299,0299_549,0299_37
0209,0209_982,0209_462,0209_537,0209_177
0149,0149_907
0323,0323_1005,0323_33
0023,0023_640,0023_234,0023_280,0023_221,0023_537
1039,1039_218,1039_48
0289,0289_749
0547,0547_1714,0547_2753,0547_571,0547_1383,0547_257,0547_332,0547_3715,0547_1633
1007,1007_726,1007_318,1007_771,1007_324,1007_743,1007_788,1007_988
0504,0504_663,0504_725
1028,1028_314,1028_966
0268,0268_696,0268_770,0268_31,0268_674
0775,0775_513
0986,0986_972
0317,0317_128
0155,0155_282,0155_467,0155_230,0155_225,0155_27,0155_246,0155_264
1050,1050_956
0456,0456_875,0456_185,0456_2237,0456_722,0456_3731,0456_2668,0456_2765,0456_765,0456_3556,0456_3607,0456_2544,0456_2746,0456_2580,0456_2256,0456_882
0839,0839_695
0483,0483_1510,0483_2434,0483_2759,0483_1295,0483_1156,0483_1783,0483_2002
0382,0382_348,0382_15
0471,0471_32,0471_384,0471_1367,0471_1555,0471_354
0621,0621_264,0621_757,0621_1672
0096,0096_540,0096_127,0096_335
0554,0554_221,0554_3103,0554_1369,0554_1437,0554_3408,0554_2846
1000,1000_2418,1000_1316,1000_2215,1000_1980,1000_2506,1000_1755
0555,0555_1083,0555_1848,0555_1106,0555_1661,0555_154,0555_2128,0555_452,0555_819,0555_2654,0555_1787,0555_233,0555_1322
0719,0719_390,0719_1899,0719_215,0719_199
0179,0179_69
0455,0455_2029,0455_396
0024,0024_19,0024_112
0073,0073_71
0931,0931_552,0931_293,0931_1591,0931_1533,0931_1409
1005,1005_3,1005_304
0064,0064_751,0064_691,0064_254
0971,0971_680
0098,0098_4,0098_314,0098_303,0098_576,0098_563
0056,0056_29
0771,0771_530,0771_791,0771_1708
0062,0062_527,0062_599,0062_767,0062_922
0260,0260_515,0260_967
0047,0047_635
0099,0099_738,0099_359,0099_483
0460,0460_1832,0460_1988,0460_666
0303,0303_900,0303_30
0230,0230_267,0230_32
0197,0197_601
0546,0546_413,0546_2302,0546_1465,0546_1677,0546_2438,0546_1067
0960,0960_785,0960_956,0960_537
0280,0280_622,0280_875,0280_786
0996,0996_36,0996_222,0996_452,0996_835,0996_1037
0981,0981_1343,0981_1087,0981_834
1069,1069_1207,1069_123,1069_1225,1069_146,1069_989
0502,0502_879,0502_1364,0502_1596,0502_654,0502_188,0502_1326,0502_592,0502_207,0502_2505,0502_1588,0502_2107,0502_2249,0502_1
0842,0842_1793,0842_2396
0377,0377_1739,0377_1286,0377_1093,0377_883,0377_1091,0377_1165,0377_370,0377_1290,0377_1648,0377_1049,0377_117
0537,0537_58,0537_1502,0537_1544,0537_1858,0537_22
0876,0876_688,0876_933,0876_1076,0876_1120,0876_868,0876_1271,0876_958,0876_625
0768,0768_1607,0768_495,0768_863,0768_1648
0434,0434_306,0434_1081,0434_1159,0434_186,0434_1481,0434_1085,0434_316,0434_1330
