0615,0615_2188,0615_3146,0615_1384
0484,0484_2236,0484_1806,0484_2785,0484_585,0484_934
0316,0316_995,0316_1322,0316_1376,0316_407,0316_34
0007,0007_371,0007_353
0492,0492_643,0492_1143,0492_1086,0492_1464,0492_704
0157,0157_95
0120,0120_1363,0120_499
0678,0678_2303,0678_1842,0678_993,0678_1990
0702,0702_1824,0702_723
1077,1077_566,1077_1753,1077_2133,1077_123,1077_854,1077_1602,1077_2233,1077_515,1077_334,1077_661,1077_119,1077_589
0549,0549_249,0549_342,0549_427
0683,0683_101,0683_604
1001,1001_1203,1001_148,1001_1293
1017,1017_2091,1017_1123,1017_1687,1017_2181
0371,0371_1052,0371_738,0371_358,0371_562,0371_877,0371_763,0371_789,0371_815,0371_1009,0371_1322,0371_1014,0371_1529,0371_464
0791,0791_2349,0791_583,0791_1072,0791_401,0791_1263,0791_667
0714,0714_1005,0714_2598,0714_1262
0105,0105_660
0561,0561_2147,0561_895,0561_1482
0706,0706_875,0706_966,0706_1692,0706_2166,0706_1270,0706_839,0706_2337,0706_1585,0706_1940,0706_2311
0992,0992_1392
0889,0889_684,0889_981,0889_1261
0129,0129_196,0129_142
0358,0358_184,0358_809,0358_236,0358_714,0358_613,0358_645
0148,0148_872
0651,0651_2664,0651_1196,0651_1340,0651_2043,0651_836,0651_558,0651_174,0651_2501,0651_1520,0651_2281,0651_236,0651_2750
0636,0636_287,0636_64
0100,0100_625,0100_141
0258,0258_115,0258_829,0258_858,0258_30
0394,0394_61,0394_367,0394_1664,0394_1262,0394_982,0394_1645,0394_2229,0394_454,0394_556,0394_1735,0394_1961,0394_1456,0394_1003,0394_923,0394_1581,0394_1890,0394_1177,0394_1047,0394_1457,0394_692,0394_1050,0394_1374,0394_1663,0394_1363,0394_2492,0394_1648,0394_698,0394_649,0394_1794,0394_1029
0176,0176_865
0491,0491_292,0491_1372,0491_2597,0491_1039,0491_2623,0491_1606
0127,0127_327,0127_1334,0127_706
0643,0643_1707,0643_488
0640,0640_195,0640_113
0328,0328_311,0328_180
0378,0378_640,0378_1889,0378_736,0378_1671,0378_2001,0378_1618,0378_2028,0378_2020,0378_1013,0378_1696,0378_833,0378_1389,0378_516,0378_1181
0390,0390_1821,0390_900,0390_2230,0390_1055,0390_327,0390_1977,0390_31,0390_415,0390_544,0390_1689,0390_2,0390_734,0390_2309
0485,0485_120,0485_1706,0485_1235,0485_1078,0485_1444,0485_551,0485_1086,0485_1554
0343,0343_190,0343_332,0343_784,0343_329,0343_939
0662,0662_433,0662_58
0846,0846_1675,0846_245,0846_594,0846_1571,0846_87,0846_1405
0404,0404_2016,0404_1742,0404_186,0404_1840,0404_39,0404_1970,0404_1996,0404_999,0404_649,0404_1329,0404_432
0433,0433_9,0433_1343,0433_586,0433_860,0433_1492,0433_327,0433_528,0433_59,0433_1454,0433_1464,0433_924,0433_746,0433_930,0433_965,0433_1006,0433_568
0831,0831_941,0831_1591
0294,0294_1043
0576,0576_514,0576_1468,0576_2470,0576_1500,0576_2142,0576_115,0576_2050,0576_1560,0576_1931,0576_418,0576_907,0576_2496,0576_813,0576_2239,0576_1583,0576_1946,0576_2412,0576_2495,0576_2587,0576_1629,0576_2019,0576_1615,0576_132,0576_2287,0576_901,0576_2223,0576_1227,0576_409,0576_2176,0576_743,0576_920,0576_1907,0576_2473,0576_2118,0576_1257,0576_1055,0576_1922,0576_1011
0985,0985_577,0985_546
0857,0857_150,0857_267
0259,0259_417,0259_689,0259_798,0259_655,0259_751
0798,0798_222,0798_718,0798_891,0798_242,0798_1357,0798_777
0314,0314_98,0314_250
0021,0021_1150
0818,0818_1253,0818_1132,0818_1220
0628,0628_1868,0628_2083
0820,0820_2882,0820_3409,0820_2430,0820_2287,0820_1372,0820_3311
1061,1061_7,1061_155,1061_90
0882,0882_211,0882_1259,0882_609
0932,0932_317,0932_329,0932_917,0932_714
0572,0572_2140,0572_3259,0572_1867,0572_2727,0572_1240,0572_1747,0572_823
0012,0012_589,0012_704,0012_363,0012_75
0968,0968_1467,0968_814,0968_2253,0968_177,0968_799,0968_1873,0968_637,0968_2222,0968_118,0968_147,0968_278,0968_2188,0968_721,0968_933
0687,0687_2087,0687_1313,0687_3455,0687_2370,0687_3600,0687_2786,0687_3038,0687_2773,0687_1582
0439,0439_927,0439_1574,0439_1756,0439_1745,0439_1788,0439_1100,0439_685
0383,0383_191,0383_1100,0383_977,0383_690,0383_1054,0383_631
0166,0166_938,0166_327,0166_907,0166_79,0166_703
0495,0495_1359,0495_2521,0495_2583,0495_203,0495_1158,0495_364,0495_1524,0495_1379,0495_2059,0495_655
0340,0340_270
0002,0002_68,0002_251,0002_21
0703,0703_156
0917,0917_647,0917_35,0917_440,0917_971,0917_714,0917_569,0917_1239,0917_689
1087,1087_315
0637,0637_2363,0637_1297,0637_640,0637_3775,0637_663,0637_3766,0637_2596,0637_3483,0637_3449,0637_2783,0637_2802,0637_2109,0637_1322,0637_3604,0637_3601
1044,1044_932,1044_589,1044_688
0778,0778_1172,0778_227
0589,0589_2173,0589_1535,0589_1500,0589_2236,0589_2161,0589_196,0589_581,0589_1274,0589_404,0589_1943,0589_1978,0589_1010
0357,0357_61,0357_432,0357_382,0357_247,0357_376,0357_483,0357_174,0357_818,0357_468,0357_363,0357_218
0131,0131_105,0131_639,0131_112,0131_753,0131_954,0131_69
0608,0608_2608,0608_1207,0608_1964,0608_2900,0608_2359,0608_162,0608_3139,0608_3089,0608_2415
0292,0292_619,0292_28,0292_848,0292_874,0292_629,0292_803,0292_643
0767,0767_68,0767_283
0649,0649_1116,0649_54,0649_1317,0649_1732
1065,1065_2311,1065_119,1065_411,1065_222,1065_1998,1065_2721,1065_195,1065_338
0867,0867_1681,0867_2605,0867_1977,0867_337
0114,0114_569,0114_347,0114_316,0114_1073,0114_149
0403,0403_127,0403_145,0403_133,0403_439,0403_203,0403_235
0762,0762_1671,0762_493,0762_1676,0762_1745,0762_1109,0762_33,0762_715
0506,0506_574,0506_1187,0506_1809,0506_1539,0506_386,0506_1417
1057,1057_241
0084,0084_1057,0084_1068,0084_1117
0448,0448_1177,0448_927,0448_335,0448_288,0448_1154,0448_2135,0448_1013,0448_199,0448_2021,0448_537,0448_268,0448_1654,0448_2195,0448_41,0448_1589
0285,0285_106,0285_504,0285_12
0590,0590_2377,0590_1241,0590_845,0590_1655,0590_2145,0590_1018,0590_2384,0590_1605,0590_651,0590_952,0590_1717,0590_602,0590_264,0590_2163,0590_821,0590_1020
0550,0550_286,0550_272,0550_521
0474,0474_466,0474_428,0474_1159,0474_395,0474_1063,0474_1288,0474_15,0474_1246,0474_1966,0474_1216,0474_1742,0474_430,0474_405,0474_1581,0474_1814,0474_612
0273,0273_880,0273_13
0306,0306_119,0306_548,0306_799,0306_684
0806,0806_2500,0806_2706,0806_1141,0806_2845
1020,1020_1875
0419,0419_2528,0419_1285,0419_656,0419_2569,0419_278
0348,0348_527,0348_454
0707,0707_2576,0707_1404,0707_2342,0707_2312,0707_1246
0926,0926_976
0740,0740_973,0740_844,0740_94,0740_197
0015,0015_602,0015_585,0015_566,0015_792
0195,0195_714,0195_214
0181,0181_60,0181_504
0016,0016_221,0016_379,0016_309
0310,0310_393,0310_1096,0310_78,0310_444,0310_234
0497,0497_825,0497_2929,0497_1242,0497_324,0497_1919,0497_121,0497_1061,0497_2088
0370,0370_976,0370_721,0370_938,0370_353,0370_452,0370_202
0756,0756_1104,0756_1543,0756_348,0756_651,0756_394
0224,0224_636,0224_522
0574,0574_949,0574_444,0574_717,0574_881,0574_2131,0574_153,0574_1657,0574_2615,0574_528,0574_3149,0574_690,0574_275,0574_3026,0574_284,0574_884
1002,1002_797,1002_510,1002_498,1002_2770,1002_1830,1002_939,1002_738,1002_633
0660,0660_314,0660_2117,0660_909
0055,0055_795
0812,0812_1251,0812_1242,0812_1439,0812_392,0812_1422,0812_1038,0812_211,0812_1167,0812_6,0812_1513
0908,0908_755,0908_576
0246,0246_558
0274,0274_92,0274_153
0765,0765_1054,0765_1,0765_148,0765_380,0765_186,0765_471,0765_776
0254,0254_585
0336,0336_1019,0336_244,0336_907
1072,1072_1742,1072_256,1072_1311,1072_228,1072_1646,1072_2574
0132,0132_345
0656,0656_580,0656_1158,0656_1361,0656_234
1011,1011_106,1011_324,1011_263,1011_8,1011_85,1011_347,1011_369,1011_162
0947,0947_628,0947_1078
0117,0117_403
0090,0090_46
0118,0118_839,0118_848,0118_869,0118_1259,0118_109
0057,0057_1338,0057_1035,0057_561,0057_366,0057_514
0222,0222_816
0065,0065_143
0630,0630_1272,0630_66,0630_2136,0630_2006,0630_1077,0630_52,0630_1852,0630_929,0630_170
1022,1022_895,1022_649
1066,1066_571,1066_535
0457,0457_2710,0457_2267,0457_1489,0457_1404,0457_431,0457_2105,0457_896,0457_1011,0457_881,0457_1634,0457_758,0457_2513,0457_2214,0457_2684
0610,0610_1136,0610_856,0610_615,0610_719
0596,0596_1282,0596_1669,0596_1825,0596_2106
0758,0758_2043,0758_1581,0758_3,0758_717,0758_1796,0758_696,0758_321,0758_808,0758_1234,0758_672,0758_788,0758_172,0758_1191,0758_20,0758_875,0758_1832,0758_1507,0758_107,0758_1725,0758_1185,0758_1779,0758_974,0758_551,0758_281,0758_1611,0758_862,0758_722,0758_1701,0758_1545,0758_1312,0758_328,0758_702
0548,0548_1245,0548_1189,0548_1124,0548_994,0548_2991,0548_2926,0548_404,0548_1355,0548_606,0548_2049,0548_462,0548_747,0548_1213,0548_49,0548_448,0548_293,0548_2577,0548_249,0548_2310,0548_1331,0548_740,0548_568,0548_106,0548_1978,0548_1222,0548_1235
1064,1064_595,1064_1353
0386,0386_411,0386_482,0386_1071,0386_748,0386_487,0386_1090
0126,0126_879
0980,0980_1617,0980_1585,0980_248,0980_420,0980_42,0980_1542,0980_1374,0980_50,0980_989,0980_29,0980_1519
0240,0240_813,0240_434,0240_755,0240_433
0632,0632_1331,0632_507,0632_1271,0632_1509
0897,0897_1439,0897_2339,0897_1146,0897_663
1009,1009_779,1009_973,1009_771,1009_741,1009_528,1009_421,1009_158,1009_1008,1009_838
0742,0742_1789,0742_444
0603,0603_636,0603_1504,0603_1701,0603_2460,0603_413
0953,0953_1270
0966,0966_2374,0966_1145,0966_857,0966_1816,0966_273,0966_1877,0966_2490,0966_994
0238,0238_756
0974,0974_2203,0974_1933,0974_2021
0482,0482_678,0482_2018,0482_1491,0482_1203,0482_969,0482_1735
0345,0345_848,0345_779,0345_104
0167,0167_125,0167_149,0167_248
0037,0037_866,0037_520,0037_456,0037_671
0069,0069_213,0069_363,0069_635,0069_441,0069_592,0069_199,0069_803
1048,1048_552
0423,0423_203,0423_509,0423_32
0201,0201_53,0201_776
0302,0302_670,0302_841,0302_389,0302_281,0302_1349
0688,0688_1795,0688_660
0363,0363_1070,0363_1073,0363_513,0363_443,0363_88,0363_1104,0363_321,0363_602,0363_680,0363_355,0363_604,0363_900,0363_821
0252,0252_453,0252_527,0252_89,0252_315,0252_343,0252_638,0252_1030,0252_646,0252_636,0252_4,0252_252
0982,0982_579,0982_498,0982_1237,0982_251,0982_440,0982_890,0982_844
0950,0950_814,0950_976
0307,0307_266,0307_1040,0307_805,0307_646,0307_494,0307_338,0307_871,0307_1051,0307_374
0212,0212_37,0212_994,0212_919,0212_517,0212_434,0212_561,0212_254,0212_831,0212_142,0212_323,0212_102,0212_645,0212_53,0212_799,0212_387,0212_1034,0212_835
0665,0665_575,0665_2361,0665_2028,0665_816,0665_184
0814,0814_361
0878,0878_104,0878_236
1010,1010_697,1010_757,1010_652,1010_225,1010_629,1010_288,1010_794,1010_614
0140,0140_223,0140_355
0042,0042_725,0042_325,0042_1253
0322,0322_848
1038,1038_1516,1038_1043,1038_270,1038_1885
0178,0178_228
0593,0593_947,0593_1291,0593_2199,0593_920,0593_290,0593_823
0210,0210_163,0210_948,0210_900,0210_11,0210_1072,0210_822
0671,0671_2080,0671_2748,0671_1635,0671_920,0671_1656,0671_2295
0036,0036_1204
0446,0446_620,0446_1647,0446_1390,0446_1385
0664,0664_2174,0664_899,0664_2027,0664_1933,0664_305,0664_2280,0664_809
0103,0103_584,0103_132
0144,0144_226,0144_51
0335,0335_837,0335_80
0776,0776_310
0169,0169_139,0169_637,0169_320,0169_827,0169_1178
0545,0545_1280,0545_1634,0545_1374,0545_256,0545_1500,0545_1544,0545_2267,0545_1381,0545_1692,0545_587,0545_42,0545_995,0545_1690,0545_138
0223,0223_728,0223_204,0223_523,0223_815
0862,0862_1090
0414,0414_1264,0414_471,0414_629,0414_2820,0414_24,0414_1636
0139,0139_274,0139_731
0819,0819_1384,0819_547,0819_131
0559,0559_710,0559_3332,0559_2766
0464,0464_1536,0464_1131,0464_498,0464_1708,0464_260,0464_1819,0464_333,0464_1133,0464_1535
0855,0855_50,0855_697,0855_89,0855_1839,0855_900,0855_1452,0855_94
0463,0463_378,0463_1473,0463_508,0463_1260,0463_410,0463_1013
0734,0734_278,0734_885,0734_558,0734_333
0133,0133_696,0133_338
0461,0461_2559,0461_1167,0461_104,0461_1468,0461_2583,0461_1115
0847,0847_455,0847_165,0847_752,0847_1709
0352,0352_868,0352_544,0352_854,0352_741,0352_101
0667,0667_1789,0667_1052,0667_2771,0667_1161,0667_2717,0667_733,0667_2138,0667_465,0667_1074,0667_844,0667_1879,0667_524,0667_623,0667_1015,0667_2214,0667_498,0667_43,0667_190,0667_1021,0667_2824,0667_779,0667_2647
0301,0301_445,0301_68,0301_307
0418,0418_381,0418_1475,0418_1395,0418_1298,0418_978,0418_394,0418_413,0418_39,0418_172,0418_963,0418_980,0418_1086,0418_1317,0418_1992,0418_1978,0418_528,0418_93,0418_321,0418_1403,0418_1940,0418_1806,0418_1726,0418_1350
0923,0923_87,0923_266
0026,0026_212,0026_814,0026_501
0852,0852_1055
0208,0208_392,0208_16,0208_48
0611,0611_785,0611_776,0611_29
0958,0958_499,0958_1403,0958_1349,0958_2259
0393,0393_2217,0393_983,0393_2121,0393_2136,0393_632,0393_1603,0393_2377
0720,0720_243,0720_1530
0128,0128_485
0936,0936_108,0936_709,0936_1318,0936_636
0599,0599_163,0599_232,0599_283,0599_44
0068,0068_42,0068_740,0068_538,0068_931
0623,0623_196,0623_1826,0623_125,0623_1029,0623_1562,0623_2070,0623_453,0623_1921
0030,0030_971,0030_389,0030_659,0030_95,0030_668,0030_545,0030_71,0030_601,0030_432,0030_230,0030_993,0030_581,0030_149,0030_817,0030_875,0030_166
0233,0233_158
0529,0529_517,0529_189
0716,0716_1271,0716_251
0708,0708_1631,0708_290,0708_2444,0708_1753,0708_1238,0708_1413,0708_706
0511,0511_980,0511_1,0511_908,0511_1203,0511_730,0511_292,0511_1344,0511_1102,0511_749,0511_1258,0511_1234
1041,1041_155,1041_281,1041_1447,1041_622
0263,0263_36
0779,0779_121
1092,1092_623,1092_624,1092_759,1092_1253,1092_63,1092_292
0022,0022_803,0022_534,0022_38
0187,0187_813,0187_191
0853,0853_2844,0853_1550,0853_2663,0853_1741
1006,1006_424,1006_1042
0567,0567_3808,0567_3802,0567_857,0567_1758,0567_736,0567_3676,0567_418,0567_1825
0454,0454_1896,0454_1698,0454_881,0454_269,0454_1116,0454_171,0454_163,0454_760,0454_1654
0059,0059_78
0848,0848_1304
0929,0929_2043
0827,0827_1753
0911,0911_915,0911_775,0911_1208
0076,0076_58,0076_429
0400,0400_487,0400_1920,0400_1144,0400_1826
0031,0031_110,0031_28
0085,0085_220,0085_74
0513,0513_2438,0513_1080,0513_2427,0513_447,0513_1802,0513_2076,0513_134,0513_2310
0362,0362_190,0362_527,0362_767,0362_495,0362_930,0362_274,0362_116,0362_83,0362_278,0362_932,0362_404,0362_535,0362_541,0362_476,0362_864,0362_789,0362_614,0362_398,0362_820,0362_463
0111,0111_10,0111_587,0111_1009
0863,0863_256,0863_1550,0863_649
0498,0498_2834,0498_3348
0685,0685_2029,0685_1274
0078,0078_191,0078_310,0078_832
0519,0519_1418,0519_2122,0519_2371,0519_871,0519_2310
0666,0666_974,0666_1644
1027,1027_1336,1027_2184,1027_462,1027_190,1027_494,1027_971
0092,0092_147,0092_692,0092_158
0271,0271_689
0826,0826_1166,0826_2819,0826_906,0826_1885,0826_2777,0826_1365
1014,1014_462,1014_133
0959,0959_484,0959_366,0959_946
0527,0527_1190,0527_915
0153,0153_803,0153_954,0153_30,0153_146,0153_666
0020,0020_366,0020_272
1071,1071_719,1071_1258,1071_1096,1071_1121,1071_32,1071_1031,1071_1520,1071_146
0582,0582_1314,0582_746,0582_1480,0582_1468,0582_2066,0582_900,0582_646,0582_2379
0411,0411_1818,0411_1361,0411_457
0769,0769_1008,0769_295,0769_131,0769_856,0769_387,0769_2044,0769_1392,0769_860,0769_1594,0769_976,0769_1844,0769_529,0769_178
0109,0109_71,0109_118
0205,0205_632,0205_596,0205_430,0205_681
0035,0035_908
0161,0161_1020,0161_1017,0161_812
1030,1030_586,1030_2280,1030_3688,1030_3483,1030_3010,1030_434,1030_2150,1030_2189
0811,0811_202,0811_513,0811_946,0811_213
0813,0813_597,0813_115,0813_108,0813_857,0813_1268,0813_995,0813_1026
0061,0061_493
0257,0257_580,0257_877
0350,0350_855,0350_314,0350_459,0350_964,0350_76,0350_152,0350_819,0350_209,0350_98
0901,0901_2433,0901_1318,0901_1596,0901_2158,0901_181,0901_777,0901_944,0901_190,0901_374,0901_487
0600,0600_1089,0600_813,0600_1113,0600_2322,0600_18,0600_558,0600_836,0600_197,0600_2160
0372,0372_29,0372_421,0372_1449,0372_625
0392,0392_939,0392_1838
1015,1015_1136,1015_1355,1015_2149,1015_79,1015_677,1015_2574
0300,0300_1187,0300_527,0300_628,0300_58,0300_341,0300_1005,0300_968
0475,0475_1755,0475_242,0475_793,0475_1040,0475_1811,0475_749,0475_1265,0475_3093,0475_28,0475_3258,0475_2591,0475_1827
0763,0763_877,0763_320,0763_699,0763_808,0763_1326,0763_579,0763_173
0993,0993_159,0993_1037,0993_427,0993_1029,0993_311,0993_169
0477,0477_2914,0477_1654,0477_392
0293,0293_110,0293_98,0293_1017,0293_579,0293_912,0293_3
1049,1049_1449,1049_821,1049_955,1049_1877
0807,0807_1042,0807_755,0807_713,0807_924
1012,1012_247,1012_240,1012_115,1012_134,1012_28
0679,0679_1061,0679_3097,0679_3376
0355,0355_388,0355_486,0355_550
0398,0398_663,0398_1879,0398_1816,0398_1063,0398_1612,0398_1057,0398_1897,0398_1748,0398_703
0715,0715_558,0715_462,0715_997,0715_45,0715_673,0715_2058
0560,0560_2740,0560_908,0560_2585
0104,0104_798,0104_516,0104_636,0104_919,0104_254
0629,0629_871,0629_223
0824,0824_2108,0824_1599
0845,0845_92,0845_453,0845_237,0845_1859,0845_1822
0368,0368_463,0368_525
0840,0840_1266,0840_988,0840_1765,0840_2281,0840_613,0840_2725,0840_2269,0840_840,0840_692,0840_2885,0840_719,0840_2674,0840_2380,0840_537,0840_842,0840_2030
0570,0570_328,0570_153,0570_19
0509,0509_1204
0356,0356_805,0356_474,0356_553,0356_215,0356_742,0356_125
0198,0198_731,0198_297,0198_163,0198_565,0198_289
0921,0921_372
0979,0979_2654,0979_1381,0979_324,0979_2578,0979_2235,0979_521
0204,0204_73,0204_721
0091,0091_869,0091_702,0091_489
1043,1043_875,1043_471,1043_2066
0071,0071_84,0071_484,0071_425,0071_1201,0071_469,0071_410,0071_862,0071_1058
0939,0939_2867,0939_151,0939_1612,0939_4225,0939_3550,0939_1875,0939_1796,0939_3403,0939_1067
0033,0033_697,0033_102,0033_81,0033_137,0033_820,0033_39
0607,0607_186,0607_1047,0607_225
0799,0799_1005,0799_628,0799_827,0799_1511,0799_1002,0799_1109,0799_1376,0799_821,0799_577,0799_1432
0337,0337_994
0810,0810_363,0810_164,0810_1112
0691,0691_351,0691_910,0691_992,0691_1730,0691_1532,0691_893
0856,0856_457,0856_1052
0351,0351_361,0351_226,0351_41,0351_900,0351_157
0902,0902_630,0902_1146,0902_626,0902_2125,0902_723,0902_2712,0902_2447,0902_603,0902_81
0994,0994_1649,0994_1654,0994_2580,0994_1112,0994_908,0994_2294,0994_2048,0994_984,0994_1280,0994_1042,0994_1339,0994_956
0573,0573_4036,0573_332,0573_2072
0177,0177_227,0177_925
0162,0162_197,0162_641,0162_436
0499,0499_1273,0499_1999,0499_2496,0499_634,0499_2013,0499_417,0499_280,0499_679,0499_358,0499_483,0499_2611,0499_623
0006,0006_628,0006_302,0006_758
0269,0269_107
0828,0828_55,0828_1110
1094,1094_604,1094_335
0432,0432_242,0432_899
0938,0938_669
1029,1029_1245
0568,0568_4149,0568_3885,0568_4221,0568_37,0568_2875,0568_4184
0225,0225_365
0152,0152_96,0152_474,0152_135,0152_121,0152_638,0152_579,0152_173,0152_313
0887,0887_759,0887_744,0887_1117
0566,0566_899,0566_2594,0566_2060
0385,0385_1477,0385_278,0385_1016,0385_17,0385_982,0385_586,0385_805,0385_1706,0385_1499,0385_1147,0385_1660,0385_1320,0385_253,0385_1106
0180,0180_1027,0180_262,0180_1059
0295,0295_730,0295_545
0522,0522_230,0522_305,0522_10,0522_314
0521,0521_94,0521_203
1062,1062_698,1062_72,1062_1157,1062_531
0674,0674_653,0674_961,0674_2183,0674_2352
0973,0973_783,0973_744
0097,0097_821,0097_93
0777,0777_768,0777_852
0785,0785_724,0785_717,0785_1041,0785_181
0184,0184_318,0184_342,0184_45
0750,0750_490,0750_1813,0750_1237,0750_1638
0244,0244_914,0244_716,0244_592
1025,1025_94,1025_321
0077,0077_619
0724,0724_198,0724_53,0724_213
0079,0079_270,0079_1003,0079_400,0079_305,0079_723
0575,0575_3275,0575_64,0575_718,0575_1767,0575_1751,0575_2209,0575_1393,0575_962,0575_824,0575_732,0575_2476,0575_1410
0526,0526_1991,0526_1563,0526_329,0526_1927,0526_1604,0526_1667
0147,0147_1005,0147_195,0147_437,0147_204
0447,0447_91,0447_1142,0447_238,0447_1543,0447_165,0447_642
0655,0655_517,0655_101
0408,0408_2328,0408_1723,0408_1806,0408_2476,0408_1202,0408_2495,0408_1741,0408_1943,0408_1238
0663,0663_2559,0663_805
0616,0616_1734,0616_3229
0898,0898_1089,0898_128,0898_930,0898_1917
0286,0286_34,0286_730,0286_387
0861,0861_1578,0861_1956,0861_201
0272,0272_280,0272_864,0272_184,0272_237
0631,0631_800,0631_656,0631_590,0631_532
0072,0072_296,0072_266,0072_587,0072_95,0072_311,0072_86,0072_389,0072_58,0072_506,0072_451,0072_11,0072_691,0072_107
0261,0261_21
0541,0541_639,0541_2099,0541_1912,0541_1643,0541_1078,0541_64,0541_2194,0541_700,0541_2078,0541_1463,0541_1375,0541_1535,0541_529,0541_977,0541_2201
0821,0821_2785,0821_1703,0821_2277,0821_1080,0821_637,0821_3173,0821_820,0821_653
0154,0154_559,0154_313,0154_1054,0154_561
0051,0051_236,0051_277,0051_854,0051_285
0569,0569_120,0569_3144,0569_1987,0569_983
1084,1084_2486,1084_1531,1084_1923,1084_1977
1083,1083_811,1083_867,1083_140,1083_999
0972,0972_1345,0972_203,0972_452
1080,1080_1042,1080_85,1080_1294,1080_833
0531,0531_1383,0531_1021
0462,0462_429,0462_3064,0462_2804,0462_1761,0462_681,0462_1559,0462_2283,0462_315,0462_1283,0462_2834,0462_3087,0462_1197,0462_510,0462_1473,0462_2974,0462_2567,0462_1153,0462_2017,0462_1948,0462_2762,0462_147,0462_2651,0462_2711
0122,0122_14
0376,0376_406,0376_1153,0376_529,0376_1432,0376_1764,0376_582,0376_919,0376_1277
0338,0338_563,0338_58,0338_902,0338_158,0338_175,0338_879,0338_207
0530,0530_961,0530_1697,0530_1920,0530_238,0530_1898,0530_1614
0988,0988_830,0988_91,0988_1242,0988_1145,0988_1593,0988_526,0988_1418
0421,0421_1003,0421_647,0421_3189,0421_255,0421_3318,0421_1283,0421_1955,0421_2031,0421_712,0421_272
0642,0642_1887,0642_174,0642_1681,0642_998
0202,0202_951,0202_890,0202_916,0202_230
0215,0215_175,0215_267,0215_846,0215_794,0215_338,0215_295,0215_157,0215_468,0215_655
0027,0027_1048
0805,0805_2498,0805_1955,0805_140,0805_1020,0805_87,0805_2366,0805_2135,0805_1044,0805_688
0597,0597_1498,0597_1222,0597_1419
0146,0146_506,0146_718,0146_634
0943,0943_47,0943_1398
0112,0112_308
0952,0952_870,0952_1354,0952_1004,0952_1814
0957,0957_1083,0957_1089,0957_1180,0957_865
0735,0735_464,0735_912,0735_766,0735_379,0735_701,0735_537
0841,0841_745,0841_2952,0841_1666,0841_127,0841_260,0841_350,0841_1619,0841_646,0841_2306
0028,0028_960,0028_227,0028_342,0028_328,0028_55,0028_753,0028_110
0196,0196_880,0196_740,0196_889,0196_713
0237,0237_934
0965,0965_270,0965_649,0965_2272,0965_1037,0965_1478,0965_1330,0965_900,0965_144
0251,0251_937,0251_867,0251_665
0915,0915_1307,0915_529,0915_1150,0915_752
0518,0518_284,0518_1117,0518_1322,0518_988,0518_50,0518_996
0141,0141_811
0397,0397_1433,0397_884,0397_995,0397_1310,0397_1518,0397_1268,0397_3,0397_1000,0397_98,0397_879,0397_1196
0364,0364_57,0364_624,0364_24,0364_1049,0364_163,0364_596,0364_806,0364_226,0364_731,0364_1161,0364_271,0364_1016,0364_627,0364_1155
1056,1056_1316
0422,0422_1593,0422_957,0422_1426
0978,0978_890,0978_1512,0978_597,0978_630
0817,0817_1000,0817_8,0817_2751,0817_1742,0817_2830
0053,0053_3
0110,0110_814,0110_2,0110_234
0048,0048_325,0048_469,0048_552
0699,0699_204,0699_1810,0699_2668,0699_2278,0699_1982,0699_966,0699_806,0699_705,0699_658,0699_2016,0699_1050
1047,1047_267,1047_156
0308,0308_935,0308_890,0308_846,0308_1167,0308_1267,0308_165,0308_268,0308_766
0659,0659_1624,0659_1221
0321,0321_587
1037,1037_3646,1037_1683,1037_1829,1037_3931,1037_2728,1037_2174
1013,1013_1532,1013_1310,1013_1249,1013_171,1013_561,1013_888,1013_157,1013_1752,1013_1808,1013_1699,1013_641,1013_885,1013_1397
0487,0487_1,0487_92
0088,0088_81,0088_10,0088_63,0088_25
0680,0680_2055,0680_2187
0342,0342_170,0342_742,0342_957,0342_330,0342_292
0866,0866_1639,0866_589,0866_215,0866_755,0866_1408,0866_229
0904,0904_1872,0904_368
0151,0151_231
0562,0562_2765,0562_2361,0562_628
0534,0534_1082,0534_1610,0534_1240,0534_1329,0534_1494,0534_440
0496,0496_1552,0496_3193,0496_1224,0496_3228,0496_1132,0496_3070,0496_2799,0496_1414,0496_2704,0496_1240
0320,0320_831,0320_712,0320_748,0320_245,0320_558
1051,1051_1147
0736,0736_1053
0586,0586_1579,0586_1334,0586_401,0586_2337,0586_2124,0586_8,0586_123,0586_1181,0586_757,0586_497,0586_2024,0586_1235
0737,0737_839
0380,0380_879,0380_989,0380_806,0380_1364,0380_1167,0380_945,0380_1389,0380_372,0380_40,0380_1492,0380_1342,0380_808,0380_1522,0380_1296,0380_1459,0380_138,0380_863,0380_385,0380_1299,0380_1468,0380_1111,0380_722
0236,0236_384,0236_96,0236_244,0236_697,0236_403,0236_386,0236_695,0236_21,0236_620,0236_481,0236_347,0236_597,0236_600
0701,0701_606,0701_3041,0701_494,0701_2954,0701_2605,0701_787,0701_2367,0701_2337,0701_332,0701_143,0701_2342
0405,0405_1834,0405_913,0405_1840,0405_2435,0405_1659,0405_1500
0525,0525_1926,0525_311,0525_1045,0525_1672,0525_1792,0525_930,0525_1761,0525_669,0525_1622,0525_1753,0525_1405,0525_771
0937,0937_529,0937_1459,0937_337
0379,0379_2020,0379_1354,0379_430,0379_1295,0379_782,0379_344,0379_1417,0379_2092,0379_1958,0379_377
0657,0657_80,0657_1887,0657_1975,0657_2017,0657_1967,0657_1651,0657_2533,0657_1865,0657_132,0657_112,0657_2167
0050,0050_771,0050_334,0050_238,0050_103,0050_962,0050_299,0050_550,0050_444,0050_659
0698,0698_1251,0698_328,0698_2101,0698_237,0698_2176,0698_765,0698_1726,0698_1561,0698_362,0698_1022,0698_82,0698_280
0709,0709_700,0709_573
0476,0476_1554,0476_2601,0476_2398
0420,0420_2825,0420_36,0420_640,0420_1809,0420_2272,0420_2810,0420_2645,0420_2020,0420_619,0420_1601,0420_282,0420_2382,0420_1472,0420_988,0420_2390,0420_2092,0420_781,0420_1694,0420_2570,0420_2927
0145,0145_489,0145_461
0501,0501_74,0501_162,0501_118,0501_54
0086,0086_598,0086_253,0086_172,0086_892,0086_306,0086_888,0086_955
1034,1034_1374,1034_726,1034_246,1034_3248
0834,0834_440,0834_343,0834_940,0834_583,0834_811
1008,1008_600,1008_1193,1008_1322,1008_311,1008_7,1008_267
1079,1079_1583,1079_45,1079_502
0232,0232_158,0232_19,0232_398
0524,0524_1134,0524_1261,0524_2231,0524_377,0524_1390,0524_1375,0524_1877,0524_2151,0524_739,0524_344,0524_1697,0524_974,0524_780,0524_2128,0524_2358,0524_1285
0218,0218_526,0218_411,0218_609,0218_496
0954,0954_311,0954_1312
0999,0999_651,0999_529
0344,0344_1060,0344_49,0344_566,0344_707,0344_363,0344_0,0344_441,0344_426
0426,0426_792,0426_1144
0266,0266_429,0266_107,0266_695,0266_214
0925,0925_2239,0925_1956,0925_1593
0070,0070_572,0070_307,0070_613,0070_624
0653,0653_622,0653_693
0107,0107_294
0512,0512_2873,0512_3655,0512_761,0512_1315,0512_317,0512_776,0512_3462,0512_600,0512_3080,0512_2423,0512_2898,0512_865,0512_1389,0512_2904,0512_2489,0512_1472,0512_826,0512_2722,0512_54,0512_266,0512_32,0512_2587,0512_1874,0512_2839,0512_630,0512_3628,0512_1192,0512_1867,0512_2460,0512_1112,0512_2370,0512_2188
0278,0278_44,0278_106,0278_816,0278_214,0278_537,0278_354,0278_414
0478,0478_1975,0478_533,0478_2152
1016,1016_546,1016_2455,1016_2112,1016_1082,1016_294,1016_1150,1016_2257,1016_1502
0249,0249_108
0761,0761_1900,0761_1671,0761_147,0761_624,0761_1346,0761_1575,0761_991,0761_2371,0761_979,0761_142,0761_1627,0761_1905,0761_2137,0761_994,0761_284,0761_2171
1031,1031_1490,1031_312,1031_71,1031_2005,1031_1364,1031_2327,1031_1614,1031_614,1031_555,1031_1043,1031_437,1031_205,1031_771,1031_1518,1031_739,1031_1400,1031_922,1031_1410,1031_2561,1031_2071,1031_2380,1031_2415,1031_2722,1031_15,1031_333,1031_2198,1031_265,1031_3041,1031_2304,1031_1049,1031_1124,1031_478
0583,0583_608,0583_333,0583_1928,0583_828,0583_1684,0583_1143
0552,0552_189,0552_2098,0552_1318,0552_914,0552_2725,0552_564,0552_431,0552_2164,0552_1889,0552_1307,0552_169,0552_520,0552_1237,0552_1374,0552_1733,0552_1397,0552_1741,0552_279,0552_2708,0552_373
0873,0873_912,0873_601
0138,0138_950,0138_829
0919,0919_890,0919_681
0121,0121_530,0121_132,0121_81,0121_330,0121_65,0121_67,0121_159,0121_362
0391,0391_1220,0391_1781,0391_1480,0391_2614,0391_1066,0391_568,0391_2005,0391_2541,0391_1010,0391_1006,0391_245,0391_485,0391_303,0391_2355,0391_1919,0391_2416,0391_1718
1033,1033_91
0743,0743_817
0930,0930_2671
0327,0327_798
0083,0083_1203,0083_850,0083_922
0217,0217_433
0216,0216_811,0216_30,0216_793,0216_306
0741,0741_7,0741_36,0741_1108
0279,0279_440,0279_1003
1086,1086_644,1086_595,1086_1011,1086_634,1086_176,1086_255,1086_871
0718,0718_33
0415,0415_1035,0415_128,0415_1353,0415_986
0239,0239_774,0239_152
0282,0282_678
0658,0658_431,0658_1113
0163,0163_84
0670,0670_286,0670_965,0670_1904,0670_2528,0670_2556,0670_1712,0670_250,0670_625,0670_816
0014,0014_54
0481,0481_991,0481_481,0481_676
0609,0609_1875,0609_238,0609_699,0609_2088,0609_1736
0874,0874_215,0874_1157,0874_898,0874_206,0874_429,0874_822
0624,0624_1559,0624_1468,0624_1268
0684,0684_2492,0684_1973,0684_1344,0684_3039,0684_2475,0684_1846,0684_2272,0684_425
1023,1023_959,1023_1236,1023_1549,1023_902
0700,0700_2623,0700_2352,0700_2483,0700_15,0700_637,0700_3516,0700_3267,0700_2303,0700_4125,0700_3680,0700_1411,0700_1845,0700_286,0700_1082,0700_2582,0700_3673,0700_710,0700_684,0700_1125,0700_3118,0700_1042,0700_537,0700_3018,0700_1709
0961,0961_436,0961_1348,0961_699
0040,0040_788
0652,0652_1453,0652_1339,0652_387,0652_289,0652_1382,0652_1092
0468,0468_308,0468_508,0468_1302,0468_45,0468_806,0468_662,0468_1910,0468_1959,0468_142,0468_529
1035,1035_3511,1035_3467,1035_575,1035_2917,1035_614,1035_1670
0551,0551_366,0551_2108,0551_692,0551_208,0551_1082,0551_1504
0588,0588_1369,0588_1440,0588_906,0588_2105
0539,0539_1511,0539_1012,0539_1536,0539_1424,0539_1181,0539_1405
0903,0903_2469,0903_659,0903_54,0903_754
0309,0309_849,0309_917,0309_393
0924,0924_1368,0924_2328,0924_2117,0924_2420,0924_2498,0924_396,0924_1212,0924_2136
0043,0043_406,0043_182,0043_297
0267,0267_571,0267_355
0188,0188_372,0188_66
0440,0440_2915,0440_964,0440_1050,0440_659,0440_3498,0440_3442,0440_2985,0440_2056,0440_1590,0440_3497
0168,0168_899,0168_96
0786,0786_257,0786_1367
0373,0373_1173,0373_981
0175,0175_151,0175_198,0175_263,0175_1062,0175_46
0896,0896_465,0896_1995,0896_4
0825,0825_1229,0825_14,0825_26,0825_719
0349,0349_269,0349_4,0349_865,0349_834,0349_474,0349_1004,0349_505,0349_812,0349_163
0265,0265_1056,0265_341
1073,1073_489,1073_350,1073_557,1073_566,1073_247
0341,0341_608,0341_459,0341_667,0341_190,0341_653,0341_101,0341_198,0341_277
0082,0082_245
0770,0770_1253,0770_983,0770_2795,0770_1788
0054,0054_417,0054_108,0054_137
0520,0520_254,0520_274,0520_1175,0520_1310,0520_851,0520_1922
0751,0751_1147,0751_106,0751_1176,0751_157,0751_1665,0751_2015
1052,1052_2206,1052_1226,1052_106,1052_268,1052_654,1052_254,1052_167,1052_519
0058,0058_642,0058_578,0058_1218
0029,0029_744,0029_977,0029_1152,0029_706,0029_458,0029_1217
0156,0156_69,0156_405
0705,0705_346,0705_868,0705_17,0705_442,0705_1338,0705_281,0705_2391,0705_1717,0705_283,0705_2269,0705_1631,0705_1984,0705_404,0705_842
0533,0533_1504,0533_1362,0533_489,0533_82,0533_728,0533_775
0909,0909_1165,0909_903,0909_531
0538,0538_1132,0538_687,0538_1296,0538_2195
0605,0605_260,0605_84
0875,0875_560,0875_467,0875_1044
0436,0436_37,0436_1135,0436_612,0436_59
0881,0881_832,0881_417,0881_792,0881_2725,0881_402,0881_487,0881_1665,0881_2521,0881_1920,0881_1142,0881_954,0881_1541
0034,0034_50,0034_345,0034_815,0034_353,0034_982,0034_261
1055,1055_1591,1055_1877,1055_1567,1055_2144
0995,0995_1191,0995_583,0995_488
0721,0721_41,0721_1494,0721_1469,0721_1562,0721_1399,0721_1214
0764,0764_1055,0764_1110
0553,0553_197,0553_2335,0553_256,0553_329,0553_609,0553_2916,0553_1999,0553_803,0553_974
0644,0644_1741,0644_1042,0644_1175,0644_628,0644_1421,0644_1581
0686,0686_443,0686_1491,0686_2573,0686_1910
0681,0681_171,0681_1532,0681_567,0681_665,0681_1049,0681_245,0681_1439
0510,0510_184,0510_1294,0510_337,0510_134,0510_622
0544,0544_196,0544_2022,0544_214,0544_1701,0544_886,0544_1076,0544_777,0544_1693,0544_221,0544_1191,0544_1164,0544_1105
0804,0804_604,0804_1018,0804_512,0804_2683,0804_2064,0804_1172,0804_140,0804_1476,0804_1871
0387,0387_1146,0387_341
0231,0231_257,0231_86,0231_520,0231_545
0884,0884_303,0884_735,0884_712,0884_973,0884_102
0523,0523_1583,0523_1367,0523_1776,0523_377,0523_2170,0523_841,0523_1055,0523_1845
0772,0772_1282
0849,0849_3203,0849_1857,0849_1405,0849_2875,0849_1394,0849_2738,0849_1131,0849_3375,0849_2272,0849_2571,0849_736,0849_2691,0849_221,0849_949,0849_2064,0849_2120,0849_540
1093,1093_624,1093_431
0587,0587_1589,0587_72,0587_1465,0587_1406,0587_816,0587_233,0587_1457,0587_857
0565,0565_1102
0396,0396_364,0396_366
0123,0123_220
0832,0832_12,0832_567,0832_789,0832_1001
1091,1091_551,1091_900,1091_545,1091_569,1091_812,1091_16,1091_704,1091_28
1078,1078_1018
1003,1003_1302,1003_687,1003_1871,1003_789,1003_925,1003_2024,1003_1033,1003_1544,1003_1472,1003_765
0650,0650_1824,0650_2013,0650_3785
0946,0946_2651,0946_2525,0946_3746,0946_2065
0315,0315_818,0315_939,0315_181,0315_1002,0315_954
0579,0579_1140,0579_1751,0579_188,0579_1661,0579_1695,0579_412,0579_267,0579_277,0579_643,0579_1075,0579_1890,0579_809,0579_1149,0579_610,0579_1534
0443,0443_1413,0443_1742,0443_1171
0369,0369_1102
0211,0211_804,0211_60,0211_447
0494,0494_329,0494_339
0004,0004_92,0004_104
0313,0313_551,0313_1050,0313_482,0313_508,0313_377,0313_500
1042,1042_616,1042_1029,1042_1901
0247,0247_737,0247_396,0247_283,0247_333
0784,0784_1484,0784_257,0784_1233,0784_970
0288,0288_41
0868,0868_93,0868_876,0868_679
1036,1036_1665,1036_2293,1036_2880
0214,0214_2
0625,0625_63,0625_1470,0625_271,0625_1741,0625_386,0625_1169,0625_1351
0305,0305_33,0305_297,0305_21,0305_201
0425,0425_109,0425_350,0425_902
0789,0789_1333,0789_610,0789_487,0789_1698,0789_834,0789_1626
0245,0245_482
0160,0160_327,0160_747
0410,0410_324,0410_73,0410_60
0044,0044_26
0693,0693_1058
0673,0673_1929,0673_1325,0673_2889,0673_2231,0673_1944,0673_2552,0673_1707,0673_2357,0673_269
0441,0441_34,0441_1830,0441_3177,0441_3206,0441_437,0441_65,0441_2316,0441_1312,0441_186
0783,0783_1260,0783_145,0783_1390
0125,0125_84
0489,0489_2493,0489_3052,0489_1264,0489_1513,0489_3224,0489_2811,0489_1008,0489_1517,0489_2917,0489_1559,0489_2964,0489_378,0489_693,0489_2912,0489_3682
0795,0795_388,0795_26,0795_175
0299,0299_519,0299_509,0299_83,0299_615,0299_36,0299_168
0209,0209_219
0149,0149_678
0353,0353_47,0353_123,0353_114,0353_179
0323,0323_621,0323_812
0933,0933_1167,0933_1051,0933_779,0933_109,0933_81
0023,0023_468
0602,0602_2196,0602_1133,0602_1011
0289,0289_597,0289_541,0289_315
0547,0547_4100,0547_2204,0547_2997,0547_2495,0547_1375,0547_1842,0547_655,0547_2562,0547_113,0547_540,0547_3066,0547_2826,0547_3687,0547_3686,0547_4102,0547_203,0547_2971,0547_142,0547_3679
1007,1007_98,1007_933,1007_855,1007_1102
0669,0669_346,0669_423
0704,0704_161,0704_250
0504,0504_1025,0504_2002,0504_335,0504_1904,0504_1627,0504_1381,0504_1917,0504_685,0504_2154,0504_1974,0504_1774,0504_1898
0041,0041_1070
0268,0268_572,0268_298
0986,0986_114,0986_1351,0986_1191,0986_28
0317,0317_1247
1050,1050_624,1050_790,1050_1274,1050_728
0839,0839_404,0839_376,0839_1334,0839_770,0839_695
0483,0483_1541,0483_3015
0382,0382_26,0382_478
0723,0723_695,0723_1387,0723_830,0723_374,0723_1640,0723_27,0723_759,0723_1130,0723_1386,0723_1548,0723_739,0723_777,0723_1362
0471,0471_697,0471_1566
0621,0621_426,0621_1029,0621_14,0621_1225,0621_397,0621_2541,0621_229,0621_2304,0621_2114
0365,0365_1004,0365_169,0365_320,0365_408,0365_613
1024,1024_852,1024_78
0554,0554_2914,0554_3086,0554_1915,0554_161
1000,1000_2046,1000_1814,1000_2150,1000_1915
0905,0905_1391,0905_1949,0905_1004,0905_1011
0555,0555_125,0555_883,0555_768,0555_1413,0555_2169,0555_1454
0719,0719_772,0719_1334,0719_1989
0455,0455_1470,0455_2074,0455_78
0823,0823_207,0823_31,0823_282,0823_601,0823_259,0823_203,0823_147,0823_164,0823_333,0823_627
0998,0998_316
0073,0073_49,0073_38
0931,0931_1107,0931_568,0931_127,0931_1034,0931_1319,0931_467
0971,0971_402,0971_1151,0971_1363,0971_300,0971_1081,0971_699,0971_114,0971_1123
0098,0098_148,0098_804,0098_442,0098_43,0098_42,0098_522,0098_962,0098_903,0098_624,0098_153,0098_152
0431,0431_379,0431_299
0056,0056_971,0056_388,0056_655
0771,0771_401,0771_1777,0771_539,0771_432,0771_1782
0062,0062_270,0062_79,0062_712
0260,0260_779
0635,0635_2086,0635_1848
0099,0099_868,0099_6
0460,0460_888,0460_1007,0460_1576,0460_1258,0460_972,0460_1989,0460_1762,0460_2564,0460_1690,0460_1153,0460_97,0460_36,0460_1815,0460_378,0460_2414,0460_2703,0460_2632,0460_317
0303,0303_988,0303_270,0303_409,0303_924,0303_705,0303_941,0303_408,0303_347,0303_13,0303_196,0303_762,0303_460,0303_751,0303_1109,0303_867,0303_1121,0303_889,0303_39,0303_440,0303_251
0230,0230_14,0230_809,0230_191
0089,0089_910,0089_460,0089_1000,0089_930
0546,0546_2183,0546_801,0546_2108,0546_1074,0546_2022,0546_18,0546_2398,0546_1355,0546_810,0546_1769,0546_879,0546_1259,0546_1182,0546_1083,0546_1815
0960,0960_1222,0960_641
1059,1059_567,1059_673
0329,0329_882,0329_746
0280,0280_558,0280_323,0280_910,0280_13,0280_133,0280_251
1058,1058_5
0996,0996_165,0996_759,0996_183,0996_682,0996_880,0996_507,0996_580,0996_683,0996_465
0981,0981_312,0981_1376,0981_214
1069,1069_534
0281,0281_389
0502,0502_1073,0502_2441,0502_1897,0502_64,0502_1678,0502_77,0502_1639,0502_2486,0502_355,0502_10,0502_516,0502_399,0502_2541,0502_1982,0502_1955
0384,0384_1279,0384_23,0384_820,0384_1516,0384_831,0384_399
0275,0275_675,0275_850,0275_170,0275_863
0516,0516_87,0516_1647,0516_1525,0516_1632,0516_409,0516_517,0516_1569,0516_1103,0516_1263
0842,0842_781,0842_2072,0842_1177,0842_1234,0842_2193
0796,0796_185,0796_1085
0377,0377_721,0377_380,0377_838,0377_1443,0377_955,0377_469,0377_240,0377_889,0377_561,0377_1465,0377_425,0377_680,0377_1171,0377_1300,0377_1513,0377_1410
0537,0537_157,0537_158,0537_1193,0537_1901,0537_1329,0537_1605
0876,0876_690,0876_624,0876_12,0876_1301,0876_440
0768,0768_294,0768_2007,0768_686,0768_622,0768_921,0768_3
0434,0434_187,0434_600,0434_1555,0434_1843,0434_1305,0434_522,0434_36,0434_1552,0434_1362,0434_1665,0434_787,0434_458,0434_410,0434_870,0434_836,0434_808
0797,0797_952,0797_591,0797_302,0797_230,0797_552,0797_588
0399,0399_983,0399_1385,0399_25,0399_414,0399_598,0399_1336
