0406,0406_1578,0406_755,0406_2529,0406_1560,0406_2012
0561,0561_706,0561_1367,0561_2093,0561_1921,0561_1912,0561_944
0706,0706_1062,0706_943
0889,0889_87
0176,0176_131
0491,0491_1339
0259,0259_437,0259_225
0818,0818_1132
0490,0490_2838,0490_1702,0490_1277,0490_34,0490_2469,0490_1688
0882,0882_212
0687,0687_3287
0439,0439_487,0439_1541,0439_173
0131,0131_609
0649,0649_1092
0590,0590_592,0590_1445
0854,0854_530,0854_2567
0474,0474_951,0474_1938
0438,0438_481,0438_188,0438_295
0749,0749_1125,0749_410,0749_154,0749_1309
0348,0348_692,0348_921,0348_822
0195,0195_624,0195_914,0195_650
0181,0181_1253
0310,0310_1038,0310_848
0497,0497_2224,0497_738,0497_18,0497_2641
0413,0413_1458,0413_2361,0413_153,0413_620,0413_1722,0413_2518,0413_1399
0574,0574_2125,0574_2131,0574_1719,0574_2753,0574_690,0574_284
0055,0055_1071
0246,0246_501
0254,0254_146,0254_677,0254_540
0947,0947_763
0645,0645_1751,0645_702
0630,0630_1283,0630_1521
0596,0596_476,0596_2008,0596_582
0758,0758_467,0758_213,0758_59,0758_1113
0126,0126_844,0126_1239,0126_3,0126_540
0980,0980_2167,0980_1387,0980_901,0980_1041
0167,0167_379,0167_560
0201,0201_261,0201_790
0252,0252_996,0252_67,0252_15
0503,0503_898,0503_785,0503_499,0503_256
0412,0412_140,0412_1710,0412_1136,0412_1781,0412_735,0412_265
0307,0307_140,0307_297,0307_1110
0140,0140_778,0140_28
1038,1038_1043,1038_1885
0671,0671_1687,0671_1914,0671_1756,0671_2067
0144,0144_188
0335,0335_178
0776,0776_879,0776_542,0776_1359
0005,0005_11
0580,0580_2143,0580_2053,0580_2394,0580_942,0580_687,0580_1791
0414,0414_94,0414_1184,0414_2075,0414_805,0414_1095,0414_44,0414_531,0414_1003,0414_326,0414_1034,0414_1278,0414_1509
0819,0819_748
0559,0559_2784,0559_743,0559_638
0855,0855_1303
0847,0847_104
0352,0352_60
0667,0667_1578,0667_1304
0301,0301_933,0301_1024,0301_1281,0301_570
0418,0418_1085,0418_1943,0418_247
0923,0923_597
0128,0128_675,0128_197,0128_725
0623,0623_1647,0623_1493,0623_611,0623_937
0532,0532_1985,0532_1267,0532_382,0532_1464,0532_1736
0581,0581_1809,0581_1111
1092,1092_1490,1092_1547
0853,0853_1723,0853_2308,0853_2850,0853_1017,0853_3215,0853_1979,0853_3386,0853_2411
1006,1006_844,1006_1290
0827,0827_328,0827_37
0362,0362_495,0362_541,0362_476,0362_398
0498,0498_75,0498_37
0685,0685_2438,0685_2766
0826,0826_2426,0826_2492
0527,0527_691,0527_1204
0582,0582_3001,0582_276
0813,0813_108
0901,0901_1956,0901_1402
0392,0392_1318
0622,0622_1406,0622_1235,0622_48
1049,1049_1022
0840,0840_992,0840_519
0989,0989_205
0337,0337_117,0337_432
0902,0902_293,0902_912,0902_2862,0902_1802
0006,0006_170
0828,0828_1154
1094,1094_869
0891,0891_2318
0385,0385_748,0385_122,0385_303,0385_403
0973,0973_1541
0575,0575_2415,0575_1767,0575_732,0575_2124
0147,0147_321
0408,0408_1079
0416,0416_96,0416_553,0416_446
0861,0861_1633,0861_748
0821,0821_2139
0569,0569_994
0462,0462_2421
0376,0376_181,0376_828,0376_114,0376_1260
0988,0988_926,0988_1381
0215,0215_352
0488,0488_190
0943,0943_1087,0943_1619,0943_1026
0428,0428_1323,0428_1017,0428_1654,0428_1780
0841,0841_1652,0841_260,0841_2720,0841_727,0841_2428,0841_646
0251,0251_253,0251_564
0048,0048_683
0308,0308_110,0308_58,0308_890,0308_257,0308_63
0728,0728_423,0728_385,0728_922
0427,0427_1486,0427_624
0701,0701_2000,0701_720,0701_2641
0657,0657_451,0657_2399,0657_243
0476,0476_1026,0476_298,0476_296,0476_851,0476_3769,0476_3583
0426,0426_1656,0426_1134
0512,0512_867,0512_2142,0512_3033,0512_3111,0512_2041,0512_1172
1031,1031_433
0552,0552_565,0552_2811,0552_1104,0552_2779,0552_498,0552_2916
0121,0121_439,0121_290,0121_111
0391,0391_1176
0216,0216_515,0216_262,0216_62,0216_269,0216_606,0216_70,0216_290,0216_552,0216_442,0216_281
0415,0415_1945,0415_2413,0415_796
0609,0609_1217,0609_85
0700,0700_1962,0700_728,0700_1065,0700_1589
1035,1035_18,1035_1478,1035_522,1035_1424,1035_1057,1035_843
0903,0903_2410
0309,0309_444,0309_1024,0309_293
0373,0373_300,0373_625,0373_1085,0373_51
0175,0175_765
0265,0265_547
0341,0341_216,0341_227,0341_880,0341_876
0054,0054_889,0054_373,0054_549
0705,0705_2145,0705_229,0705_1590,0705_2364
0533,0533_798,0533_1026,0533_435,0533_316,0533_1720
0909,0909_903,0909_531
0538,0538_1264,0538_1245,0538_1608,0538_219
0436,0436_1270,0436_26,0436_28,0436_1342
0219,0219_787,0219_510,0219_886
0884,0884_286
0523,0523_1621,0523_1428,0523_1550,0523_244,0523_1904,0523_945,0523_1253,0523_745
0772,0772_292
0849,0849_1238
1093,1093_106,1093_439,1093_951
0565,0565_1705,0565_2267,0565_1060,0565_275,0565_131,0565_1343
1003,1003_679,1003_1826
0784,0784_1549,0784_924,0784_736
1036,1036_1041,1036_3069
0441,0441_1090,0441_355,0441_396,0441_1155,0441_443,0441_2778
0125,0125_40,0125_812
0489,0489_244,0489_214,0489_182,0489_667,0489_1849
0209,0209_24,0209_182,0209_513
0456,0456_1924
0226,0226_810,0226_327
0719,0719_105,0719_1524
0064,0064_913
0774,0774_331,0774_185
0537,0537_1438,0537_1086,0537_1374,0537_1373,0537_26,0537_1119,0537_76
