0406,0406_2187,0406_1478
0007,0007_72,0007_818,0007_843,0007_809
0492,0492_236
0791,0791_512,0791_1106
0714,0714_1932,0714_1585
0818,0818_1577
0692,0692_690,0692_62,0692_408,0692_420,0692_1135,0692_456,0692_101
0589,0589_2903,0589_2463
0224,0224_952
0574,0574_72,0574_780
0645,0645_2070,0645_1811
0758,0758_1307,0758_529
0897,0897_1764,0897_2202
0665,0665_266,0665_1397,0665_2125
0776,0776_1912
0847,0847_197
1092,1092_231,1092_1678
0666,0666_2988,0666_2620,0666_2422,0666_1159
1015,1015_2588,1015_1669
0807,0807_958,0807_1554
0939,0939_691,0939_1398
0994,0994_2499,0994_2042,0994_107,0994_2564
1029,1029_177
0891,0891_1504,0891_159,0891_1223,0891_418
0887,0887_1041,0887_137,0887_182,0887_1118
0408,0408_1079
0821,0821_1290,0821_2910
0569,0569_983
0870,0870_100
0642,0642_863,0642_1772
0680,0680_1484,0680_1901
0904,0904_2714,0904_318
0999,0999_135
0478,0478_533
0652,0652_1780,0652_36,0652_536,0652_69
0804,0804_1114,0804_78
0868,0868_1164
0693,0693_308
0441,0441_122,0441_610,0441_83
0933,0933_1051
0041,0041_153
0483,0483_1239,0483_459
1024,1024_432
0771,0771_1825
0460,0460_2625,0460_468,0460_1229
0842,0842_1234
