0643,0643_1117,0643_416
0016,0016_73,0016_845
0413,0413_1849,0413_646
1072,1072_1531,1072_2108
0953,0953_273
0412,0412_1454,0412_1366
0414,0414_2229,0414_597
0418,0418_370,0418_1240
0720,0720_1424,0720_2152
0848,0848_699
0666,0666_3549,0666_44
1027,1027_1605,1027_285
0020,0020_783
0411,0411_1641,0411_1944
1030,1030_2381,1030_2797
0429,0429_412
0356,0356_675,0356_6,0356_296,0356_880
0979,0979_1912,0979_1924
1076,1076_120,1076_941,1076_754,1076_146,1076_930
0939,0939_2116,0939_2953
0799,0799_256,0799_1401
0432,0432_1502
0785,0785_1771
0575,0575_2290,0575_517
0569,0569_983
1083,1083_828
0421,0421_1056,0421_366
0428,0428_951
0422,0422_1230,0422_2680
0427,0427_1555
0701,0701_267,0701_1567
0698,0698_949,0698_274,0698_379,0698_442
0999,0999_252,0999_717
0426,0426_1086
0415,0415_1046,0415_430
0425,0425_642,0425_902,0425_184
0933,0933_1051
0719,0719_1085,0719_386,0719_598,0719_1559
0460,0460_515,0460_2286,0460_1538
1069,1069_271
0842,0842_1234
0796,0796_569
0434,0434_1436
