0846,0846_609
0357,0357_804
0285,0285_434
0854,0854_1922
0908,0908_1858,0908_1734
0482,0482_603,0482_2641
0174,0174_127,0174_505
0664,0664_768,0664_2167
0284,0284_159
0398,0398_317,0398_887
0939,0939_3672,0939_2688
0183,0183_562
0573,0573_454,0573_3458,0573_103
0631,0631_591,0631_1442
0821,0821_1793,0821_2578
0154,0154_554
0569,0569_983
0141,0141_949
0661,0661_19
0894,0894_1207,0894_1482
0266,0266_570
0478,0478_533
0172,0172_110
0170,0170_231,0170_114
0437,0437_237,0437_42
0933,0933_1051
0023,0023_752
0289,0289_520
1028,1028_968
0842,0842_1234
