0615,0615_1712,0615_3140,0615_728
0706,0706_1164,0706_482
0846,0846_356
0324,0324_255,0324_247
0450,0450_106
0762,0762_1541
0806,0806_804,0806_2541,0806_1304,0806_1584
0016,0016_92
0758,0758_589
0482,0482_2353
1038,1038_1245,1038_1580,1038_235,1038_477
0593,0593_1333,0593_423
0664,0664_1511
0567,0567_464,0567_2371,0567_217
0085,0085_1149,0085_586
0679,0679_1793
0198,0198_345,0198_614
0573,0573_1830,0573_1550
0566,0566_3024,0566_1948,0566_2744,0566_359,0566_449,0566_3432,0566_385,0566_154,0566_599,0566_3585
0159,0159_708
0713,0713_70,0713_215
0569,0569_983
0112,0112_1123,0112_678
0422,0422_1302,0422_2381
0817,0817_20,0817_50
0427,0427_1241,0427_777
1037,1037_2640,1037_1222
0937,0937_478
1008,1008_1276
1079,1079_539
0478,0478_533
0138,0138_849
0216,0216_947
0684,0684_1429,0684_608
0440,0440_2504,0440_2707,0440_407,0440_689,0440_1808
0401,0401_229,0401_1570
1052,1052_1249,1052_294
1070,1070_2621,1070_155,1070_994,1070_1719
0946,0946_346,0946_3675,0946_2143,0946_2050
0323,0323_647
0933,0933_1051
1028,1028_1750
0931,0931_6
0981,0981_161
0842,0842_1234
