0615,0615_738,0615_736,0615_2778
0484,0484_2610,0484_1556,0484_1369,0484_758
0492,0492_717,0492_582,0492_533,0492_892
1017,1017_1811
0714,0714_85,0714_1625,0714_199,0714_2283
0706,0706_1597,0706_86
0837,0837_62,0837_158,0837_322
0636,0636_1265
0394,0394_1036,0394_612,0394_420
0176,0176_900,0176_824,0176_471
0491,0491_1339
0643,0643_1947,0643_741,0643_1806,0643_1824,0643_382,0643_1432,0643_1317,0643_1251,0643_877,0643_278,0643_1176,0643_1469,0643_9,0643_1942,0643_475,0643_1001,0643_926,0643_815,0643_225,0643_850,0643_1747,0643_658,0643_771,0643_1164,0643_823,0643_1754,0643_1380,0643_1798,0643_1023,0643_513
0640,0640_12
0846,0846_1508
0985,0985_234
0857,0857_358,0857_41
0259,0259_151
0490,0490_2610
0932,0932_230,0932_3004
0968,0968_1627,0968_1937
0166,0166_723,0166_859
0872,0872_266,0872_64
0917,0917_50
1044,1044_1167
1065,1065_3022,1065_1358
0867,0867_2186,0867_1471
0114,0114_335
0762,0762_1147
0448,0448_112,0448_1826,0448_1877,0448_561,0448_1478,0448_905
0907,0907_136,0907_494,0907_366,0907_98
0854,0854_216,0854_59,0854_2293,0854_2009
0273,0273_1018,0273_123
0419,0419_608,0419_1425,0419_2376
0880,0880_1264,0880_1093
0740,0740_1246
0370,0370_613,0370_526,0370_257,0370_601,0370_95,0370_962,0370_41
0574,0574_494,0574_88,0574_1537
0660,0660_94,0660_2176,0660_113,0660_992
0908,0908_604,0908_1119,0908_376,0908_108
0336,0336_395,0336_794
1072,1072_1288,1072_616
0132,0132_1012
0243,0243_286,0243_639,0243_238,0243_4,0243_501,0243_68
0947,0947_600,0947_352,0947_765,0947_498
0117,0117_880,0117_682,0117_125
0638,0638_820
0997,0997_11,0997_20,0997_49,0997_105
0645,0645_500,0645_1076
0838,0838_431
0065,0065_478,0065_484
0457,0457_384,0457_2115,0457_1199,0457_1061,0457_2721,0457_2818
0758,0758_292,0758_1059
0548,0548_530,0548_2885,0548_184
0386,0386_1005,0386_1855
0980,0980_2510,0980_1243
0632,0632_1400,0632_1894
0482,0482_1461,0482_1051
0345,0345_934,0345_483,0345_185,0345_758
0167,0167_50
1048,1048_620,1048_968
0469,0469_894,0469_1969
0982,0982_755,0982_116
0950,0950_9
0906,0906_48,0906_317,0906_42,0906_213,0906_183,0906_119,0906_95,0906_171
0814,0814_1000
0140,0140_1
0414,0414_1785,0414_2412,0414_2065
0559,0559_28,0559_2936,0559_3224,0559_579,0559_2350
0923,0923_1070,0923_1097
0026,0026_861
0393,0393_961,0393_1368,0393_2649
0936,0936_972
0708,0708_773,0708_41
0511,0511_92
1092,1092_1497,1092_691
0853,0853_2270,0853_1793
0454,0454_462,0454_27
0929,0929_1826,0929_2254
0911,0911_586
0963,0963_10,0963_252
0111,0111_980
0092,0092_1001,0092_453,0092_270
0271,0271_532,0271_318
0984,0984_181
0769,0769_378,0769_1497
0161,0161_215
1030,1030_1475,1030_3889,1030_2174,1030_1589
0949,0949_91
0600,0600_1827,0600_1522,0600_1576
1015,1015_2566,1015_2316
0300,0300_660,0300_174
0622,0622_2296,0622_2467,0622_1229
1049,1049_2019
0807,0807_1364,0807_1377
0836,0836_82,0836_142,0836_66,0836_42,0836_230,0836_211,0836_160,0836_70
0398,0398_1146,0398_1248,0398_1009,0398_264
0339,0339_67
0560,0560_299,0560_3161
0824,0824_1714,0824_1927
0840,0840_959,0840_2239
0979,0979_2065,0979_1976,0979_2446,0979_2143
0607,0607_840,0607_2879,0607_2278
0351,0351_906,0351_683
0573,0573_175,0573_759,0573_1953
0951,0951_1000
1029,1029_1324
0975,0975_120
0891,0891_2292,0891_2298,0891_1064,0891_968
0566,0566_385
0180,0180_156
0295,0295_1021,0295_489,0295_453,0295_230
0777,0777_374
0079,0079_17,0079_90
0859,0859_758
0272,0272_275,0272_779
0631,0631_805,0631_1426,0631_1475,0631_1974
0072,0072_195
0261,0261_21,0261_39
0296,0296_466
0569,0569_994
0928,0928_366,0928_244,0928_377,0928_420
1084,1084_2460,1084_1029
0531,0531_494,0531_660,0531_2044,0531_1564
0338,0338_379,0338_471,0338_178,0338_779
0870,0870_725,0870_955
0988,0988_1297
0112,0112_328,0112_1349,0112_373
0952,0952_1259,0952_1113,0952_352
0841,0841_663,0841_1657,0841_1563,0841_486,0841_1492,0841_2692,0841_1531,0841_2120
1056,1056_287
0991,0991_163,0991_454,0991_288,0991_470
0113,0113_131,0113_165,0113_315,0113_619
0342,0342_656,0342_200
0562,0562_2572
0736,0736_246
0420,0420_2047,0420_1370
0834,0834_694
0888,0888_1420,0888_1342
0954,0954_363,0954_785,0954_190
0948,0948_73,0948_72,0948_99,0948_7
0999,0999_128
0266,0266_268
0653,0653_1586,0653_729,0653_1150,0653_175
0278,0278_481,0278_734,0278_519,0278_564,0278_636,0278_345,0278_432,0278_322,0278_273,0278_765,0278_86,0278_182,0278_704,0278_204,0278_766,0278_460,0278_64
0478,0478_667,0478_229,0478_1872,0478_2363,0478_2361
0761,0761_2439,0761_317
0552,0552_2718,0552_1364,0552_231
0899,0899_24,0899_118,0899_257,0899_84
0391,0391_1974,0391_2523
0930,0930_2610,0930_1416,0930_791,0930_2570
0967,0967_2517,0967_1493
0415,0415_1530,0415_2329
0163,0163_124
0481,0481_921,0481_614
0700,0700_2139,0700_826,0700_3527
1035,1035_728,1035_1938
0539,0539_1824,0539_1925
0168,0168_1128,0168_258
0786,0786_354
0075,0075_11
0751,0751_1990,0751_989
0875,0875_324,0875_187
0995,0995_591,0995_1129
0721,0721_933,0721_2176,0721_211,0721_1471,0721_1473,0721_1375
0505,0505_700,0505_129,0505_1937,0505_1969
0644,0644_291,0644_1924,0644_1128,0644_222
0219,0219_529
0565,0565_1771,0565_1020
1078,1078_753,1078_1444
1045,1045_292
0893,0893_111,0893_166,0893_212,0893_62
0313,0313_822,0313_115
0868,0868_256
0160,0160_1006
0673,0673_1468,0673_3063,0673_846
0323,0323_747,0323_829
0933,0933_1009,0933_1370
0289,0289_484,0289_245
1007,1007_102,1007_172,1007_390,1007_106,1007_361,1007_372,1007_34,1007_788,1007_133,1007_781
0641,0641_399
0041,0041_1096
1028,1028_1054
0986,0986_82,0986_223
0839,0839_39
0483,0483_840,0483_2959
1024,1024_383,1024_762,1024_386
0905,0905_485,0905_1606
0998,0998_188
0931,0931_1441,0931_97,0931_665
0635,0635_764,0635_854,0635_383,0635_1455
0460,0460_714,0460_2760
0303,0303_538
0230,0230_235
0960,0960_379
0996,0996_554,0996_993
0981,0981_384,0981_339
0281,0281_828,0281_819
0842,0842_2368,0842_304
0537,0537_1418,0537_183,0537_1367
0876,0876_749,0876_1350,0876_165
